split,class,source,processed
train,cardboard,data/raw/dataset-resized/cardboard/cardboard235.jpg,data/processed/train/cardboard/cardboard_0001.jpg
train,cardboard,data/raw/dataset-resized/cardboard/cardboard213.jpg,data/processed/train/cardboard/cardboard_0002.jpg
train,cardboard,data/raw/dataset-resized/cardboard/cardboard169.jpg,data/processed/train/cardboard/cardboard_0003.jpg
train,cardboard,data/raw/dataset-resized/cardboard/cardboard138.jpg,data/processed/train/cardboard/cardboard_0004.jpg
train,cardboard,data/raw/dataset-resized/cardboard/cardboard334.jpg,data/processed/train/cardboard/cardboard_0005.jpg
train,cardboard,data/raw/dataset-resized/cardboard/cardboard160.jpg,data/processed/train/cardboard/cardboard_0006.jpg
train,cardboard,data/raw/dataset-resized/cardboard/cardboard71.jpg,data/processed/train/cardboard/cardboard_0007.jpg
train,cardboard,data/raw/dataset-resized/cardboard/cardboard352.jpg,data/processed/train/cardboard/cardboard_0008.jpg
train,cardboard,data/raw/dataset-resized/cardboard/cardboard26.jpg,data/processed/train/cardboard/cardboard_0009.jpg
train,cardboard,data/raw/dataset-resized/cardboard/cardboard307.jpg,data/processed/train/cardboard/cardboard_0010.jpg
train,cardboard,data/raw/dataset-resized/cardboard/cardboard100.jpg,data/processed/train/cardboard/cardboard_0011.jpg
train,cardboard,data/raw/dataset-resized/cardboard/cardboard29.jpg,data/processed/train/cardboard/cardboard_0012.jpg
train,cardboard,data/raw/dataset-resized/cardboard/cardboard209.jpg,data/processed/train/cardboard/cardboard_0013.jpg
train,cardboard,data/raw/dataset-resized/cardboard/cardboard21.jpg,data/processed/train/cardboard/cardboard_0014.jpg
train,cardboard,data/raw/dataset-resized/cardboard/cardboard187.jpg,data/processed/train/cardboard/cardboard_0015.jpg
train,cardboard,data/raw/dataset-resized/cardboard/cardboard25.jpg,data/processed/train/cardboard/cardboard_0016.jpg
train,cardboard,data/raw/dataset-resized/cardboard/cardboard272.jpg,data/processed/train/cardboard/cardboard_0017.jpg
train,cardboard,data/raw/dataset-resized/cardboard/cardboard325.jpg,data/processed/train/cardboard/cardboard_0018.jpg
train,cardboard,data/raw/dataset-resized/cardboard/cardboard67.jpg,data/processed/train/cardboard/cardboard_0019.jpg
train,cardboard,data/raw/dataset-resized/cardboard/cardboard8.jpg,data/processed/train/cardboard/cardboard_0020.jpg
train,cardboard,data/raw/dataset-resized/cardboard/cardboard46.jpg,data/processed/train/cardboard/cardboard_0021.jpg
train,cardboard,data/raw/dataset-resized/cardboard/cardboard198.jpg,data/processed/train/cardboard/cardboard_0022.jpg
train,cardboard,data/raw/dataset-resized/cardboard/cardboard65.jpg,data/processed/train/cardboard/cardboard_0023.jpg
train,cardboard,data/raw/dataset-resized/cardboard/cardboard133.jpg,data/processed/train/cardboard/cardboard_0024.jpg
train,cardboard,data/raw/dataset-resized/cardboard/cardboard321.jpg,data/processed/train/cardboard/cardboard_0025.jpg
train,cardboard,data/raw/dataset-resized/cardboard/cardboard400.jpg,data/processed/train/cardboard/cardboard_0026.jpg
train,cardboard,data/raw/dataset-resized/cardboard/cardboard107.jpg,data/processed/train/cardboard/cardboard_0027.jpg
train,cardboard,data/raw/dataset-resized/cardboard/cardboard87.jpg,data/processed/train/cardboard/cardboard_0028.jpg
train,cardboard,data/raw/dataset-resized/cardboard/cardboard73.jpg,data/processed/train/cardboard/cardboard_0029.jpg
train,cardboard,data/raw/dataset-resized/cardboard/cardboard122.jpg,data/processed/train/cardboard/cardboard_0030.jpg
train,cardboard,data/raw/dataset-resized/cardboard/cardboard301.jpg,data/processed/train/cardboard/cardboard_0031.jpg
train,cardboard,data/raw/dataset-resized/cardboard/cardboard159.jpg,data/processed/train/cardboard/cardboard_0032.jpg
train,cardboard,data/raw/dataset-resized/cardboard/cardboard251.jpg,data/processed/train/cardboard/cardboard_0033.jpg
train,cardboard,data/raw/dataset-resized/cardboard/cardboard313.jpg,data/processed/train/cardboard/cardboard_0034.jpg
train,cardboard,data/raw/dataset-resized/cardboard/cardboard319.jpg,data/processed/train/cardboard/cardboard_0035.jpg
train,cardboard,data/raw/dataset-resized/cardboard/cardboard229.jpg,data/processed/train/cardboard/cardboard_0036.jpg
train,cardboard,data/raw/dataset-resized/cardboard/cardboard51.jpg,data/processed/train/cardboard/cardboard_0037.jpg
train,cardboard,data/raw/dataset-resized/cardboard/cardboard149.jpg,data/processed/train/cardboard/cardboard_0038.jpg
train,cardboard,data/raw/dataset-resized/cardboard/cardboard28.jpg,data/processed/train/cardboard/cardboard_0039.jpg
train,cardboard,data/raw/dataset-resized/cardboard/cardboard7.jpg,data/processed/train/cardboard/cardboard_0040.jpg
train,cardboard,data/raw/dataset-resized/cardboard/cardboard184.jpg,data/processed/train/cardboard/cardboard_0041.jpg
train,cardboard,data/raw/dataset-resized/cardboard/cardboard13.jpg,data/processed/train/cardboard/cardboard_0042.jpg
train,cardboard,data/raw/dataset-resized/cardboard/cardboard195.jpg,data/processed/train/cardboard/cardboard_0043.jpg
train,cardboard,data/raw/dataset-resized/cardboard/cardboard361.jpg,data/processed/train/cardboard/cardboard_0044.jpg
train,cardboard,data/raw/dataset-resized/cardboard/cardboard91.jpg,data/processed/train/cardboard/cardboard_0045.jpg
train,cardboard,data/raw/dataset-resized/cardboard/cardboard320.jpg,data/processed/train/cardboard/cardboard_0046.jpg
train,cardboard,data/raw/dataset-resized/cardboard/cardboard354.jpg,data/processed/train/cardboard/cardboard_0047.jpg
train,cardboard,data/raw/dataset-resized/cardboard/cardboard248.jpg,data/processed/train/cardboard/cardboard_0048.jpg
train,cardboard,data/raw/dataset-resized/cardboard/cardboard309.jpg,data/processed/train/cardboard/cardboard_0049.jpg
train,cardboard,data/raw/dataset-resized/cardboard/cardboard40.jpg,data/processed/train/cardboard/cardboard_0050.jpg
train,cardboard,data/raw/dataset-resized/cardboard/cardboard152.jpg,data/processed/train/cardboard/cardboard_0051.jpg
train,cardboard,data/raw/dataset-resized/cardboard/cardboard125.jpg,data/processed/train/cardboard/cardboard_0052.jpg
train,cardboard,data/raw/dataset-resized/cardboard/cardboard403.jpg,data/processed/train/cardboard/cardboard_0053.jpg
train,cardboard,data/raw/dataset-resized/cardboard/cardboard318.jpg,data/processed/train/cardboard/cardboard_0054.jpg
train,cardboard,data/raw/dataset-resized/cardboard/cardboard348.jpg,data/processed/train/cardboard/cardboard_0055.jpg
train,cardboard,data/raw/dataset-resized/cardboard/cardboard164.jpg,data/processed/train/cardboard/cardboard_0056.jpg
train,cardboard,data/raw/dataset-resized/cardboard/cardboard341.jpg,data/processed/train/cardboard/cardboard_0057.jpg
train,cardboard,data/raw/dataset-resized/cardboard/cardboard387.jpg,data/processed/train/cardboard/cardboard_0058.jpg
train,cardboard,data/raw/dataset-resized/cardboard/cardboard386.jpg,data/processed/train/cardboard/cardboard_0059.jpg
train,cardboard,data/raw/dataset-resized/cardboard/cardboard303.jpg,data/processed/train/cardboard/cardboard_0060.jpg
train,cardboard,data/raw/dataset-resized/cardboard/cardboard14.jpg,data/processed/train/cardboard/cardboard_0061.jpg
train,cardboard,data/raw/dataset-resized/cardboard/cardboard296.jpg,data/processed/train/cardboard/cardboard_0062.jpg
train,cardboard,data/raw/dataset-resized/cardboard/cardboard327.jpg,data/processed/train/cardboard/cardboard_0063.jpg
train,cardboard,data/raw/dataset-resized/cardboard/cardboard233.jpg,data/processed/train/cardboard/cardboard_0064.jpg
train,cardboard,data/raw/dataset-resized/cardboard/cardboard176.jpg,data/processed/train/cardboard/cardboard_0065.jpg
train,cardboard,data/raw/dataset-resized/cardboard/cardboard147.jpg,data/processed/train/cardboard/cardboard_0066.jpg
train,cardboard,data/raw/dataset-resized/cardboard/cardboard167.jpg,data/processed/train/cardboard/cardboard_0067.jpg
train,cardboard,data/raw/dataset-resized/cardboard/cardboard55.jpg,data/processed/train/cardboard/cardboard_0068.jpg
train,cardboard,data/raw/dataset-resized/cardboard/cardboard127.jpg,data/processed/train/cardboard/cardboard_0069.jpg
train,cardboard,data/raw/dataset-resized/cardboard/cardboard30.jpg,data/processed/train/cardboard/cardboard_0070.jpg
train,cardboard,data/raw/dataset-resized/cardboard/cardboard81.jpg,data/processed/train/cardboard/cardboard_0071.jpg
train,cardboard,data/raw/dataset-resized/cardboard/cardboard240.jpg,data/processed/train/cardboard/cardboard_0072.jpg
train,cardboard,data/raw/dataset-resized/cardboard/cardboard364.jpg,data/processed/train/cardboard/cardboard_0073.jpg
train,cardboard,data/raw/dataset-resized/cardboard/cardboard36.jpg,data/processed/train/cardboard/cardboard_0074.jpg
train,cardboard,data/raw/dataset-resized/cardboard/cardboard401.jpg,data/processed/train/cardboard/cardboard_0075.jpg
train,cardboard,data/raw/dataset-resized/cardboard/cardboard108.jpg,data/processed/train/cardboard/cardboard_0076.jpg
train,cardboard,data/raw/dataset-resized/cardboard/cardboard158.jpg,data/processed/train/cardboard/cardboard_0077.jpg
train,cardboard,data/raw/dataset-resized/cardboard/cardboard207.jpg,data/processed/train/cardboard/cardboard_0078.jpg
train,cardboard,data/raw/dataset-resized/cardboard/cardboard328.jpg,data/processed/train/cardboard/cardboard_0079.jpg
train,cardboard,data/raw/dataset-resized/cardboard/cardboard286.jpg,data/processed/train/cardboard/cardboard_0080.jpg
train,cardboard,data/raw/dataset-resized/cardboard/cardboard157.jpg,data/processed/train/cardboard/cardboard_0081.jpg
train,cardboard,data/raw/dataset-resized/cardboard/cardboard324.jpg,data/processed/train/cardboard/cardboard_0082.jpg
train,cardboard,data/raw/dataset-resized/cardboard/cardboard179.jpg,data/processed/train/cardboard/cardboard_0083.jpg
train,cardboard,data/raw/dataset-resized/cardboard/cardboard104.jpg,data/processed/train/cardboard/cardboard_0084.jpg
train,cardboard,data/raw/dataset-resized/cardboard/cardboard228.jpg,data/processed/train/cardboard/cardboard_0085.jpg
train,cardboard,data/raw/dataset-resized/cardboard/cardboard4.jpg,data/processed/train/cardboard/cardboard_0086.jpg
train,cardboard,data/raw/dataset-resized/cardboard/cardboard189.jpg,data/processed/train/cardboard/cardboard_0087.jpg
train,cardboard,data/raw/dataset-resized/cardboard/cardboard41.jpg,data/processed/train/cardboard/cardboard_0088.jpg
train,cardboard,data/raw/dataset-resized/cardboard/cardboard166.jpg,data/processed/train/cardboard/cardboard_0089.jpg
train,cardboard,data/raw/dataset-resized/cardboard/cardboard271.jpg,data/processed/train/cardboard/cardboard_0090.jpg
train,cardboard,data/raw/dataset-resized/cardboard/cardboard323.jpg,data/processed/train/cardboard/cardboard_0091.jpg
train,cardboard,data/raw/dataset-resized/cardboard/cardboard132.jpg,data/processed/train/cardboard/cardboard_0092.jpg
train,cardboard,data/raw/dataset-resized/cardboard/cardboard315.jpg,data/processed/train/cardboard/cardboard_0093.jpg
train,cardboard,data/raw/dataset-resized/cardboard/cardboard216.jpg,data/processed/train/cardboard/cardboard_0094.jpg
train,cardboard,data/raw/dataset-resized/cardboard/cardboard391.jpg,data/processed/train/cardboard/cardboard_0095.jpg
train,cardboard,data/raw/dataset-resized/cardboard/cardboard330.jpg,data/processed/train/cardboard/cardboard_0096.jpg
train,cardboard,data/raw/dataset-resized/cardboard/cardboard252.jpg,data/processed/train/cardboard/cardboard_0097.jpg
train,cardboard,data/raw/dataset-resized/cardboard/cardboard219.jpg,data/processed/train/cardboard/cardboard_0098.jpg
train,cardboard,data/raw/dataset-resized/cardboard/cardboard183.jpg,data/processed/train/cardboard/cardboard_0099.jpg
train,cardboard,data/raw/dataset-resized/cardboard/cardboard18.jpg,data/processed/train/cardboard/cardboard_0100.jpg
train,cardboard,data/raw/dataset-resized/cardboard/cardboard247.jpg,data/processed/train/cardboard/cardboard_0101.jpg
train,cardboard,data/raw/dataset-resized/cardboard/cardboard388.jpg,data/processed/train/cardboard/cardboard_0102.jpg
train,cardboard,data/raw/dataset-resized/cardboard/cardboard255.jpg,data/processed/train/cardboard/cardboard_0103.jpg
train,cardboard,data/raw/dataset-resized/cardboard/cardboard24.jpg,data/processed/train/cardboard/cardboard_0104.jpg
train,cardboard,data/raw/dataset-resized/cardboard/cardboard19.jpg,data/processed/train/cardboard/cardboard_0105.jpg
train,cardboard,data/raw/dataset-resized/cardboard/cardboard245.jpg,data/processed/train/cardboard/cardboard_0106.jpg
train,cardboard,data/raw/dataset-resized/cardboard/cardboard288.jpg,data/processed/train/cardboard/cardboard_0107.jpg
train,cardboard,data/raw/dataset-resized/cardboard/cardboard312.jpg,data/processed/train/cardboard/cardboard_0108.jpg
train,cardboard,data/raw/dataset-resized/cardboard/cardboard224.jpg,data/processed/train/cardboard/cardboard_0109.jpg
train,cardboard,data/raw/dataset-resized/cardboard/cardboard376.jpg,data/processed/train/cardboard/cardboard_0110.jpg
train,cardboard,data/raw/dataset-resized/cardboard/cardboard105.jpg,data/processed/train/cardboard/cardboard_0111.jpg
train,cardboard,data/raw/dataset-resized/cardboard/cardboard278.jpg,data/processed/train/cardboard/cardboard_0112.jpg
train,cardboard,data/raw/dataset-resized/cardboard/cardboard236.jpg,data/processed/train/cardboard/cardboard_0113.jpg
train,cardboard,data/raw/dataset-resized/cardboard/cardboard396.jpg,data/processed/train/cardboard/cardboard_0114.jpg
train,cardboard,data/raw/dataset-resized/cardboard/cardboard306.jpg,data/processed/train/cardboard/cardboard_0115.jpg
train,cardboard,data/raw/dataset-resized/cardboard/cardboard241.jpg,data/processed/train/cardboard/cardboard_0116.jpg
train,cardboard,data/raw/dataset-resized/cardboard/cardboard59.jpg,data/processed/train/cardboard/cardboard_0117.jpg
train,cardboard,data/raw/dataset-resized/cardboard/cardboard299.jpg,data/processed/train/cardboard/cardboard_0118.jpg
train,cardboard,data/raw/dataset-resized/cardboard/cardboard269.jpg,data/processed/train/cardboard/cardboard_0119.jpg
train,cardboard,data/raw/dataset-resized/cardboard/cardboard304.jpg,data/processed/train/cardboard/cardboard_0120.jpg
train,cardboard,data/raw/dataset-resized/cardboard/cardboard186.jpg,data/processed/train/cardboard/cardboard_0121.jpg
train,cardboard,data/raw/dataset-resized/cardboard/cardboard270.jpg,data/processed/train/cardboard/cardboard_0122.jpg
train,cardboard,data/raw/dataset-resized/cardboard/cardboard109.jpg,data/processed/train/cardboard/cardboard_0123.jpg
train,cardboard,data/raw/dataset-resized/cardboard/cardboard259.jpg,data/processed/train/cardboard/cardboard_0124.jpg
train,cardboard,data/raw/dataset-resized/cardboard/cardboard39.jpg,data/processed/train/cardboard/cardboard_0125.jpg
train,cardboard,data/raw/dataset-resized/cardboard/cardboard161.jpg,data/processed/train/cardboard/cardboard_0126.jpg
train,cardboard,data/raw/dataset-resized/cardboard/cardboard383.jpg,data/processed/train/cardboard/cardboard_0127.jpg
train,cardboard,data/raw/dataset-resized/cardboard/cardboard97.jpg,data/processed/train/cardboard/cardboard_0128.jpg
train,cardboard,data/raw/dataset-resized/cardboard/cardboard257.jpg,data/processed/train/cardboard/cardboard_0129.jpg
train,cardboard,data/raw/dataset-resized/cardboard/cardboard200.jpg,data/processed/train/cardboard/cardboard_0130.jpg
train,cardboard,data/raw/dataset-resized/cardboard/cardboard116.jpg,data/processed/train/cardboard/cardboard_0131.jpg
train,cardboard,data/raw/dataset-resized/cardboard/cardboard390.jpg,data/processed/train/cardboard/cardboard_0132.jpg
train,cardboard,data/raw/dataset-resized/cardboard/cardboard205.jpg,data/processed/train/cardboard/cardboard_0133.jpg
train,cardboard,data/raw/dataset-resized/cardboard/cardboard280.jpg,data/processed/train/cardboard/cardboard_0134.jpg
train,cardboard,data/raw/dataset-resized/cardboard/cardboard351.jpg,data/processed/train/cardboard/cardboard_0135.jpg
train,cardboard,data/raw/dataset-resized/cardboard/cardboard260.jpg,data/processed/train/cardboard/cardboard_0136.jpg
train,cardboard,data/raw/dataset-resized/cardboard/cardboard402.jpg,data/processed/train/cardboard/cardboard_0137.jpg
train,cardboard,data/raw/dataset-resized/cardboard/cardboard93.jpg,data/processed/train/cardboard/cardboard_0138.jpg
train,cardboard,data/raw/dataset-resized/cardboard/cardboard372.jpg,data/processed/train/cardboard/cardboard_0139.jpg
train,cardboard,data/raw/dataset-resized/cardboard/cardboard373.jpg,data/processed/train/cardboard/cardboard_0140.jpg
train,cardboard,data/raw/dataset-resized/cardboard/cardboard56.jpg,data/processed/train/cardboard/cardboard_0141.jpg
train,cardboard,data/raw/dataset-resized/cardboard/cardboard298.jpg,data/processed/train/cardboard/cardboard_0142.jpg
train,cardboard,data/raw/dataset-resized/cardboard/cardboard123.jpg,data/processed/train/cardboard/cardboard_0143.jpg
train,cardboard,data/raw/dataset-resized/cardboard/cardboard265.jpg,data/processed/train/cardboard/cardboard_0144.jpg
train,cardboard,data/raw/dataset-resized/cardboard/cardboard192.jpg,data/processed/train/cardboard/cardboard_0145.jpg
train,cardboard,data/raw/dataset-resized/cardboard/cardboard338.jpg,data/processed/train/cardboard/cardboard_0146.jpg
train,cardboard,data/raw/dataset-resized/cardboard/cardboard121.jpg,data/processed/train/cardboard/cardboard_0147.jpg
train,cardboard,data/raw/dataset-resized/cardboard/cardboard89.jpg,data/processed/train/cardboard/cardboard_0148.jpg
train,cardboard,data/raw/dataset-resized/cardboard/cardboard74.jpg,data/processed/train/cardboard/cardboard_0149.jpg
train,cardboard,data/raw/dataset-resized/cardboard/cardboard194.jpg,data/processed/train/cardboard/cardboard_0150.jpg
train,cardboard,data/raw/dataset-resized/cardboard/cardboard357.jpg,data/processed/train/cardboard/cardboard_0151.jpg
train,cardboard,data/raw/dataset-resized/cardboard/cardboard180.jpg,data/processed/train/cardboard/cardboard_0152.jpg
train,cardboard,data/raw/dataset-resized/cardboard/cardboard60.jpg,data/processed/train/cardboard/cardboard_0153.jpg
train,cardboard,data/raw/dataset-resized/cardboard/cardboard238.jpg,data/processed/train/cardboard/cardboard_0154.jpg
train,cardboard,data/raw/dataset-resized/cardboard/cardboard72.jpg,data/processed/train/cardboard/cardboard_0155.jpg
train,cardboard,data/raw/dataset-resized/cardboard/cardboard142.jpg,data/processed/train/cardboard/cardboard_0156.jpg
train,cardboard,data/raw/dataset-resized/cardboard/cardboard193.jpg,data/processed/train/cardboard/cardboard_0157.jpg
train,cardboard,data/raw/dataset-resized/cardboard/cardboard242.jpg,data/processed/train/cardboard/cardboard_0158.jpg
train,cardboard,data/raw/dataset-resized/cardboard/cardboard155.jpg,data/processed/train/cardboard/cardboard_0159.jpg
train,cardboard,data/raw/dataset-resized/cardboard/cardboard289.jpg,data/processed/train/cardboard/cardboard_0160.jpg
train,cardboard,data/raw/dataset-resized/cardboard/cardboard231.jpg,data/processed/train/cardboard/cardboard_0161.jpg
train,cardboard,data/raw/dataset-resized/cardboard/cardboard230.jpg,data/processed/train/cardboard/cardboard_0162.jpg
train,cardboard,data/raw/dataset-resized/cardboard/cardboard86.jpg,data/processed/train/cardboard/cardboard_0163.jpg
train,cardboard,data/raw/dataset-resized/cardboard/cardboard366.jpg,data/processed/train/cardboard/cardboard_0164.jpg
train,cardboard,data/raw/dataset-resized/cardboard/cardboard282.jpg,data/processed/train/cardboard/cardboard_0165.jpg
train,cardboard,data/raw/dataset-resized/cardboard/cardboard37.jpg,data/processed/train/cardboard/cardboard_0166.jpg
train,cardboard,data/raw/dataset-resized/cardboard/cardboard362.jpg,data/processed/train/cardboard/cardboard_0167.jpg
train,cardboard,data/raw/dataset-resized/cardboard/cardboard153.jpg,data/processed/train/cardboard/cardboard_0168.jpg
train,cardboard,data/raw/dataset-resized/cardboard/cardboard217.jpg,data/processed/train/cardboard/cardboard_0169.jpg
train,cardboard,data/raw/dataset-resized/cardboard/cardboard316.jpg,data/processed/train/cardboard/cardboard_0170.jpg
train,cardboard,data/raw/dataset-resized/cardboard/cardboard175.jpg,data/processed/train/cardboard/cardboard_0171.jpg
train,cardboard,data/raw/dataset-resized/cardboard/cardboard106.jpg,data/processed/train/cardboard/cardboard_0172.jpg
train,cardboard,data/raw/dataset-resized/cardboard/cardboard295.jpg,data/processed/train/cardboard/cardboard_0173.jpg
train,cardboard,data/raw/dataset-resized/cardboard/cardboard261.jpg,data/processed/train/cardboard/cardboard_0174.jpg
train,cardboard,data/raw/dataset-resized/cardboard/cardboard83.jpg,data/processed/train/cardboard/cardboard_0175.jpg
train,cardboard,data/raw/dataset-resized/cardboard/cardboard369.jpg,data/processed/train/cardboard/cardboard_0176.jpg
train,cardboard,data/raw/dataset-resized/cardboard/cardboard115.jpg,data/processed/train/cardboard/cardboard_0177.jpg
train,cardboard,data/raw/dataset-resized/cardboard/cardboard332.jpg,data/processed/train/cardboard/cardboard_0178.jpg
train,cardboard,data/raw/dataset-resized/cardboard/cardboard35.jpg,data/processed/train/cardboard/cardboard_0179.jpg
train,cardboard,data/raw/dataset-resized/cardboard/cardboard385.jpg,data/processed/train/cardboard/cardboard_0180.jpg
train,cardboard,data/raw/dataset-resized/cardboard/cardboard34.jpg,data/processed/train/cardboard/cardboard_0181.jpg
train,cardboard,data/raw/dataset-resized/cardboard/cardboard226.jpg,data/processed/train/cardboard/cardboard_0182.jpg
train,cardboard,data/raw/dataset-resized/cardboard/cardboard336.jpg,data/processed/train/cardboard/cardboard_0183.jpg
train,cardboard,data/raw/dataset-resized/cardboard/cardboard340.jpg,data/processed/train/cardboard/cardboard_0184.jpg
train,cardboard,data/raw/dataset-resized/cardboard/cardboard177.jpg,data/processed/train/cardboard/cardboard_0185.jpg
train,cardboard,data/raw/dataset-resized/cardboard/cardboard375.jpg,data/processed/train/cardboard/cardboard_0186.jpg
train,cardboard,data/raw/dataset-resized/cardboard/cardboard337.jpg,data/processed/train/cardboard/cardboard_0187.jpg
train,cardboard,data/raw/dataset-resized/cardboard/cardboard49.jpg,data/processed/train/cardboard/cardboard_0188.jpg
train,cardboard,data/raw/dataset-resized/cardboard/cardboard126.jpg,data/processed/train/cardboard/cardboard_0189.jpg
train,cardboard,data/raw/dataset-resized/cardboard/cardboard202.jpg,data/processed/train/cardboard/cardboard_0190.jpg
train,cardboard,data/raw/dataset-resized/cardboard/cardboard218.jpg,data/processed/train/cardboard/cardboard_0191.jpg
train,cardboard,data/raw/dataset-resized/cardboard/cardboard355.jpg,data/processed/train/cardboard/cardboard_0192.jpg
train,cardboard,data/raw/dataset-resized/cardboard/cardboard32.jpg,data/processed/train/cardboard/cardboard_0193.jpg
train,cardboard,data/raw/dataset-resized/cardboard/cardboard53.jpg,data/processed/train/cardboard/cardboard_0194.jpg
train,cardboard,data/raw/dataset-resized/cardboard/cardboard253.jpg,data/processed/train/cardboard/cardboard_0195.jpg
train,cardboard,data/raw/dataset-resized/cardboard/cardboard191.jpg,data/processed/train/cardboard/cardboard_0196.jpg
train,cardboard,data/raw/dataset-resized/cardboard/cardboard61.jpg,data/processed/train/cardboard/cardboard_0197.jpg
train,cardboard,data/raw/dataset-resized/cardboard/cardboard263.jpg,data/processed/train/cardboard/cardboard_0198.jpg
train,cardboard,data/raw/dataset-resized/cardboard/cardboard398.jpg,data/processed/train/cardboard/cardboard_0199.jpg
train,cardboard,data/raw/dataset-resized/cardboard/cardboard54.jpg,data/processed/train/cardboard/cardboard_0200.jpg
train,cardboard,data/raw/dataset-resized/cardboard/cardboard393.jpg,data/processed/train/cardboard/cardboard_0201.jpg
train,cardboard,data/raw/dataset-resized/cardboard/cardboard9.jpg,data/processed/train/cardboard/cardboard_0202.jpg
train,cardboard,data/raw/dataset-resized/cardboard/cardboard317.jpg,data/processed/train/cardboard/cardboard_0203.jpg
train,cardboard,data/raw/dataset-resized/cardboard/cardboard367.jpg,data/processed/train/cardboard/cardboard_0204.jpg
train,cardboard,data/raw/dataset-resized/cardboard/cardboard368.jpg,data/processed/train/cardboard/cardboard_0205.jpg
train,cardboard,data/raw/dataset-resized/cardboard/cardboard322.jpg,data/processed/train/cardboard/cardboard_0206.jpg
train,cardboard,data/raw/dataset-resized/cardboard/cardboard343.jpg,data/processed/train/cardboard/cardboard_0207.jpg
train,cardboard,data/raw/dataset-resized/cardboard/cardboard16.jpg,data/processed/train/cardboard/cardboard_0208.jpg
train,cardboard,data/raw/dataset-resized/cardboard/cardboard137.jpg,data/processed/train/cardboard/cardboard_0209.jpg
train,cardboard,data/raw/dataset-resized/cardboard/cardboard95.jpg,data/processed/train/cardboard/cardboard_0210.jpg
train,cardboard,data/raw/dataset-resized/cardboard/cardboard208.jpg,data/processed/train/cardboard/cardboard_0211.jpg
train,cardboard,data/raw/dataset-resized/cardboard/cardboard250.jpg,data/processed/train/cardboard/cardboard_0212.jpg
train,cardboard,data/raw/dataset-resized/cardboard/cardboard291.jpg,data/processed/train/cardboard/cardboard_0213.jpg
train,cardboard,data/raw/dataset-resized/cardboard/cardboard5.jpg,data/processed/train/cardboard/cardboard_0214.jpg
train,cardboard,data/raw/dataset-resized/cardboard/cardboard276.jpg,data/processed/train/cardboard/cardboard_0215.jpg
train,cardboard,data/raw/dataset-resized/cardboard/cardboard339.jpg,data/processed/train/cardboard/cardboard_0216.jpg
train,cardboard,data/raw/dataset-resized/cardboard/cardboard381.jpg,data/processed/train/cardboard/cardboard_0217.jpg
train,cardboard,data/raw/dataset-resized/cardboard/cardboard114.jpg,data/processed/train/cardboard/cardboard_0218.jpg
train,cardboard,data/raw/dataset-resized/cardboard/cardboard287.jpg,data/processed/train/cardboard/cardboard_0219.jpg
train,cardboard,data/raw/dataset-resized/cardboard/cardboard210.jpg,data/processed/train/cardboard/cardboard_0220.jpg
train,cardboard,data/raw/dataset-resized/cardboard/cardboard268.jpg,data/processed/train/cardboard/cardboard_0221.jpg
train,cardboard,data/raw/dataset-resized/cardboard/cardboard118.jpg,data/processed/train/cardboard/cardboard_0222.jpg
train,cardboard,data/raw/dataset-resized/cardboard/cardboard117.jpg,data/processed/train/cardboard/cardboard_0223.jpg
train,cardboard,data/raw/dataset-resized/cardboard/cardboard23.jpg,data/processed/train/cardboard/cardboard_0224.jpg
train,cardboard,data/raw/dataset-resized/cardboard/cardboard302.jpg,data/processed/train/cardboard/cardboard_0225.jpg
train,cardboard,data/raw/dataset-resized/cardboard/cardboard111.jpg,data/processed/train/cardboard/cardboard_0226.jpg
train,cardboard,data/raw/dataset-resized/cardboard/cardboard154.jpg,data/processed/train/cardboard/cardboard_0227.jpg
train,cardboard,data/raw/dataset-resized/cardboard/cardboard349.jpg,data/processed/train/cardboard/cardboard_0228.jpg
train,cardboard,data/raw/dataset-resized/cardboard/cardboard285.jpg,data/processed/train/cardboard/cardboard_0229.jpg
train,cardboard,data/raw/dataset-resized/cardboard/cardboard290.jpg,data/processed/train/cardboard/cardboard_0230.jpg
train,cardboard,data/raw/dataset-resized/cardboard/cardboard300.jpg,data/processed/train/cardboard/cardboard_0231.jpg
train,cardboard,data/raw/dataset-resized/cardboard/cardboard182.jpg,data/processed/train/cardboard/cardboard_0232.jpg
train,cardboard,data/raw/dataset-resized/cardboard/cardboard79.jpg,data/processed/train/cardboard/cardboard_0233.jpg
train,cardboard,data/raw/dataset-resized/cardboard/cardboard102.jpg,data/processed/train/cardboard/cardboard_0234.jpg
train,cardboard,data/raw/dataset-resized/cardboard/cardboard43.jpg,data/processed/train/cardboard/cardboard_0235.jpg
train,cardboard,data/raw/dataset-resized/cardboard/cardboard173.jpg,data/processed/train/cardboard/cardboard_0236.jpg
train,cardboard,data/raw/dataset-resized/cardboard/cardboard237.jpg,data/processed/train/cardboard/cardboard_0237.jpg
train,cardboard,data/raw/dataset-resized/cardboard/cardboard1.jpg,data/processed/train/cardboard/cardboard_0238.jpg
train,cardboard,data/raw/dataset-resized/cardboard/cardboard50.jpg,data/processed/train/cardboard/cardboard_0239.jpg
train,cardboard,data/raw/dataset-resized/cardboard/cardboard363.jpg,data/processed/train/cardboard/cardboard_0240.jpg
train,cardboard,data/raw/dataset-resized/cardboard/cardboard382.jpg,data/processed/train/cardboard/cardboard_0241.jpg
train,cardboard,data/raw/dataset-resized/cardboard/cardboard279.jpg,data/processed/train/cardboard/cardboard_0242.jpg
train,cardboard,data/raw/dataset-resized/cardboard/cardboard380.jpg,data/processed/train/cardboard/cardboard_0243.jpg
train,cardboard,data/raw/dataset-resized/cardboard/cardboard136.jpg,data/processed/train/cardboard/cardboard_0244.jpg
train,cardboard,data/raw/dataset-resized/cardboard/cardboard344.jpg,data/processed/train/cardboard/cardboard_0245.jpg
train,cardboard,data/raw/dataset-resized/cardboard/cardboard185.jpg,data/processed/train/cardboard/cardboard_0246.jpg
train,cardboard,data/raw/dataset-resized/cardboard/cardboard134.jpg,data/processed/train/cardboard/cardboard_0247.jpg
train,cardboard,data/raw/dataset-resized/cardboard/cardboard144.jpg,data/processed/train/cardboard/cardboard_0248.jpg
train,cardboard,data/raw/dataset-resized/cardboard/cardboard239.jpg,data/processed/train/cardboard/cardboard_0249.jpg
train,cardboard,data/raw/dataset-resized/cardboard/cardboard215.jpg,data/processed/train/cardboard/cardboard_0250.jpg
train,cardboard,data/raw/dataset-resized/cardboard/cardboard246.jpg,data/processed/train/cardboard/cardboard_0251.jpg
train,cardboard,data/raw/dataset-resized/cardboard/cardboard293.jpg,data/processed/train/cardboard/cardboard_0252.jpg
train,cardboard,data/raw/dataset-resized/cardboard/cardboard168.jpg,data/processed/train/cardboard/cardboard_0253.jpg
train,cardboard,data/raw/dataset-resized/cardboard/cardboard243.jpg,data/processed/train/cardboard/cardboard_0254.jpg
train,cardboard,data/raw/dataset-resized/cardboard/cardboard335.jpg,data/processed/train/cardboard/cardboard_0255.jpg
train,cardboard,data/raw/dataset-resized/cardboard/cardboard148.jpg,data/processed/train/cardboard/cardboard_0256.jpg
train,cardboard,data/raw/dataset-resized/cardboard/cardboard181.jpg,data/processed/train/cardboard/cardboard_0257.jpg
train,cardboard,data/raw/dataset-resized/cardboard/cardboard33.jpg,data/processed/train/cardboard/cardboard_0258.jpg
train,cardboard,data/raw/dataset-resized/cardboard/cardboard359.jpg,data/processed/train/cardboard/cardboard_0259.jpg
train,cardboard,data/raw/dataset-resized/cardboard/cardboard10.jpg,data/processed/train/cardboard/cardboard_0260.jpg
train,cardboard,data/raw/dataset-resized/cardboard/cardboard395.jpg,data/processed/train/cardboard/cardboard_0261.jpg
train,cardboard,data/raw/dataset-resized/cardboard/cardboard171.jpg,data/processed/train/cardboard/cardboard_0262.jpg
train,cardboard,data/raw/dataset-resized/cardboard/cardboard3.jpg,data/processed/train/cardboard/cardboard_0263.jpg
train,cardboard,data/raw/dataset-resized/cardboard/cardboard45.jpg,data/processed/train/cardboard/cardboard_0264.jpg
train,cardboard,data/raw/dataset-resized/cardboard/cardboard98.jpg,data/processed/train/cardboard/cardboard_0265.jpg
train,cardboard,data/raw/dataset-resized/cardboard/cardboard63.jpg,data/processed/train/cardboard/cardboard_0266.jpg
train,cardboard,data/raw/dataset-resized/cardboard/cardboard44.jpg,data/processed/train/cardboard/cardboard_0267.jpg
train,cardboard,data/raw/dataset-resized/cardboard/cardboard151.jpg,data/processed/train/cardboard/cardboard_0268.jpg
train,cardboard,data/raw/dataset-resized/cardboard/cardboard103.jpg,data/processed/train/cardboard/cardboard_0269.jpg
train,cardboard,data/raw/dataset-resized/cardboard/cardboard214.jpg,data/processed/train/cardboard/cardboard_0270.jpg
train,cardboard,data/raw/dataset-resized/cardboard/cardboard342.jpg,data/processed/train/cardboard/cardboard_0271.jpg
train,cardboard,data/raw/dataset-resized/cardboard/cardboard314.jpg,data/processed/train/cardboard/cardboard_0272.jpg
train,cardboard,data/raw/dataset-resized/cardboard/cardboard275.jpg,data/processed/train/cardboard/cardboard_0273.jpg
train,cardboard,data/raw/dataset-resized/cardboard/cardboard277.jpg,data/processed/train/cardboard/cardboard_0274.jpg
train,cardboard,data/raw/dataset-resized/cardboard/cardboard128.jpg,data/processed/train/cardboard/cardboard_0275.jpg
train,cardboard,data/raw/dataset-resized/cardboard/cardboard64.jpg,data/processed/train/cardboard/cardboard_0276.jpg
train,cardboard,data/raw/dataset-resized/cardboard/cardboard75.jpg,data/processed/train/cardboard/cardboard_0277.jpg
train,cardboard,data/raw/dataset-resized/cardboard/cardboard17.jpg,data/processed/train/cardboard/cardboard_0278.jpg
train,cardboard,data/raw/dataset-resized/cardboard/cardboard15.jpg,data/processed/train/cardboard/cardboard_0279.jpg
train,cardboard,data/raw/dataset-resized/cardboard/cardboard120.jpg,data/processed/train/cardboard/cardboard_0280.jpg
train,cardboard,data/raw/dataset-resized/cardboard/cardboard140.jpg,data/processed/train/cardboard/cardboard_0281.jpg
train,cardboard,data/raw/dataset-resized/cardboard/cardboard326.jpg,data/processed/train/cardboard/cardboard_0282.jpg
train,glass,data/raw/dataset-resized/glass/glass68.jpg,data/processed/train/glass/glass_0001.jpg
train,glass,data/raw/dataset-resized/glass/glass182.jpg,data/processed/train/glass/glass_0002.jpg
train,glass,data/raw/dataset-resized/glass/glass47.jpg,data/processed/train/glass/glass_0003.jpg
train,glass,data/raw/dataset-resized/glass/glass380.jpg,data/processed/train/glass/glass_0004.jpg
train,glass,data/raw/dataset-resized/glass/glass67.jpg,data/processed/train/glass/glass_0005.jpg
train,glass,data/raw/dataset-resized/glass/glass73.jpg,data/processed/train/glass/glass_0006.jpg
train,glass,data/raw/dataset-resized/glass/glass400.jpg,data/processed/train/glass/glass_0007.jpg
train,glass,data/raw/dataset-resized/glass/glass4.jpg,data/processed/train/glass/glass_0008.jpg
train,glass,data/raw/dataset-resized/glass/glass51.jpg,data/processed/train/glass/glass_0009.jpg
train,glass,data/raw/dataset-resized/glass/glass370.jpg,data/processed/train/glass/glass_0010.jpg
train,glass,data/raw/dataset-resized/glass/glass84.jpg,data/processed/train/glass/glass_0011.jpg
train,glass,data/raw/dataset-resized/glass/glass371.jpg,data/processed/train/glass/glass_0012.jpg
train,glass,data/raw/dataset-resized/glass/glass412.jpg,data/processed/train/glass/glass_0013.jpg
train,glass,data/raw/dataset-resized/glass/glass185.jpg,data/processed/train/glass/glass_0014.jpg
train,glass,data/raw/dataset-resized/glass/glass57.jpg,data/processed/train/glass/glass_0015.jpg
train,glass,data/raw/dataset-resized/glass/glass135.jpg,data/processed/train/glass/glass_0016.jpg
train,glass,data/raw/dataset-resized/glass/glass107.jpg,data/processed/train/glass/glass_0017.jpg
train,glass,data/raw/dataset-resized/glass/glass382.jpg,data/processed/train/glass/glass_0018.jpg
train,glass,data/raw/dataset-resized/glass/glass106.jpg,data/processed/train/glass/glass_0019.jpg
train,glass,data/raw/dataset-resized/glass/glass143.jpg,data/processed/train/glass/glass_0020.jpg
train,glass,data/raw/dataset-resized/glass/glass75.jpg,data/processed/train/glass/glass_0021.jpg
train,glass,data/raw/dataset-resized/glass/glass131.jpg,data/processed/train/glass/glass_0022.jpg
train,glass,data/raw/dataset-resized/glass/glass326.jpg,data/processed/train/glass/glass_0023.jpg
train,glass,data/raw/dataset-resized/glass/glass443.jpg,data/processed/train/glass/glass_0024.jpg
train,glass,data/raw/dataset-resized/glass/glass483.jpg,data/processed/train/glass/glass_0025.jpg
train,glass,data/raw/dataset-resized/glass/glass470.jpg,data/processed/train/glass/glass_0026.jpg
train,glass,data/raw/dataset-resized/glass/glass74.jpg,data/processed/train/glass/glass_0027.jpg
train,glass,data/raw/dataset-resized/glass/glass375.jpg,data/processed/train/glass/glass_0028.jpg
train,glass,data/raw/dataset-resized/glass/glass16.jpg,data/processed/train/glass/glass_0029.jpg
train,glass,data/raw/dataset-resized/glass/glass341.jpg,data/processed/train/glass/glass_0030.jpg
train,glass,data/raw/dataset-resized/glass/glass434.jpg,data/processed/train/glass/glass_0031.jpg
train,glass,data/raw/dataset-resized/glass/glass42.jpg,data/processed/train/glass/glass_0032.jpg
train,glass,data/raw/dataset-resized/glass/glass232.jpg,data/processed/train/glass/glass_0033.jpg
train,glass,data/raw/dataset-resized/glass/glass34.jpg,data/processed/train/glass/glass_0034.jpg
train,glass,data/raw/dataset-resized/glass/glass32.jpg,data/processed/train/glass/glass_0035.jpg
train,glass,data/raw/dataset-resized/glass/glass500.jpg,data/processed/train/glass/glass_0036.jpg
train,glass,data/raw/dataset-resized/glass/glass5.jpg,data/processed/train/glass/glass_0037.jpg
train,glass,data/raw/dataset-resized/glass/glass153.jpg,data/processed/train/glass/glass_0038.jpg
train,glass,data/raw/dataset-resized/glass/glass268.jpg,data/processed/train/glass/glass_0039.jpg
train,glass,data/raw/dataset-resized/glass/glass166.jpg,data/processed/train/glass/glass_0040.jpg
train,glass,data/raw/dataset-resized/glass/glass450.jpg,data/processed/train/glass/glass_0041.jpg
train,glass,data/raw/dataset-resized/glass/glass35.jpg,data/processed/train/glass/glass_0042.jpg
train,glass,data/raw/dataset-resized/glass/glass292.jpg,data/processed/train/glass/glass_0043.jpg
train,glass,data/raw/dataset-resized/glass/glass178.jpg,data/processed/train/glass/glass_0044.jpg
train,glass,data/raw/dataset-resized/glass/glass499.jpg,data/processed/train/glass/glass_0045.jpg
train,glass,data/raw/dataset-resized/glass/glass36.jpg,data/processed/train/glass/glass_0046.jpg
train,glass,data/raw/dataset-resized/glass/glass373.jpg,data/processed/train/glass/glass_0047.jpg
train,glass,data/raw/dataset-resized/glass/glass335.jpg,data/processed/train/glass/glass_0048.jpg
train,glass,data/raw/dataset-resized/glass/glass199.jpg,data/processed/train/glass/glass_0049.jpg
train,glass,data/raw/dataset-resized/glass/glass316.jpg,data/processed/train/glass/glass_0050.jpg
train,glass,data/raw/dataset-resized/glass/glass342.jpg,data/processed/train/glass/glass_0051.jpg
train,glass,data/raw/dataset-resized/glass/glass78.jpg,data/processed/train/glass/glass_0052.jpg
train,glass,data/raw/dataset-resized/glass/glass452.jpg,data/processed/train/glass/glass_0053.jpg
train,glass,data/raw/dataset-resized/glass/glass7.jpg,data/processed/train/glass/glass_0054.jpg
train,glass,data/raw/dataset-resized/glass/glass61.jpg,data/processed/train/glass/glass_0055.jpg
train,glass,data/raw/dataset-resized/glass/glass33.jpg,data/processed/train/glass/glass_0056.jpg
train,glass,data/raw/dataset-resized/glass/glass362.jpg,data/processed/train/glass/glass_0057.jpg
train,glass,data/raw/dataset-resized/glass/glass124.jpg,data/processed/train/glass/glass_0058.jpg
train,glass,data/raw/dataset-resized/glass/glass432.jpg,data/processed/train/glass/glass_0059.jpg
train,glass,data/raw/dataset-resized/glass/glass431.jpg,data/processed/train/glass/glass_0060.jpg
train,glass,data/raw/dataset-resized/glass/glass171.jpg,data/processed/train/glass/glass_0061.jpg
train,glass,data/raw/dataset-resized/glass/glass38.jpg,data/processed/train/glass/glass_0062.jpg
train,glass,data/raw/dataset-resized/glass/glass139.jpg,data/processed/train/glass/glass_0063.jpg
train,glass,data/raw/dataset-resized/glass/glass50.jpg,data/processed/train/glass/glass_0064.jpg
train,glass,data/raw/dataset-resized/glass/glass256.jpg,data/processed/train/glass/glass_0065.jpg
train,glass,data/raw/dataset-resized/glass/glass475.jpg,data/processed/train/glass/glass_0066.jpg
train,glass,data/raw/dataset-resized/glass/glass40.jpg,data/processed/train/glass/glass_0067.jpg
train,glass,data/raw/dataset-resized/glass/glass217.jpg,data/processed/train/glass/glass_0068.jpg
train,glass,data/raw/dataset-resized/glass/glass120.jpg,data/processed/train/glass/glass_0069.jpg
train,glass,data/raw/dataset-resized/glass/glass474.jpg,data/processed/train/glass/glass_0070.jpg
train,glass,data/raw/dataset-resized/glass/glass21.jpg,data/processed/train/glass/glass_0071.jpg
train,glass,data/raw/dataset-resized/glass/glass254.jpg,data/processed/train/glass/glass_0072.jpg
train,glass,data/raw/dataset-resized/glass/glass165.jpg,data/processed/train/glass/glass_0073.jpg
train,glass,data/raw/dataset-resized/glass/glass45.jpg,data/processed/train/glass/glass_0074.jpg
train,glass,data/raw/dataset-resized/glass/glass463.jpg,data/processed/train/glass/glass_0075.jpg
train,glass,data/raw/dataset-resized/glass/glass129.jpg,data/processed/train/glass/glass_0076.jpg
train,glass,data/raw/dataset-resized/glass/glass14.jpg,data/processed/train/glass/glass_0077.jpg
train,glass,data/raw/dataset-resized/glass/glass488.jpg,data/processed/train/glass/glass_0078.jpg
train,glass,data/raw/dataset-resized/glass/glass31.jpg,data/processed/train/glass/glass_0079.jpg
train,glass,data/raw/dataset-resized/glass/glass376.jpg,data/processed/train/glass/glass_0080.jpg
train,glass,data/raw/dataset-resized/glass/glass99.jpg,data/processed/train/glass/glass_0081.jpg
train,glass,data/raw/dataset-resized/glass/glass305.jpg,data/processed/train/glass/glass_0082.jpg
train,glass,data/raw/dataset-resized/glass/glass101.jpg,data/processed/train/glass/glass_0083.jpg
train,glass,data/raw/dataset-resized/glass/glass460.jpg,data/processed/train/glass/glass_0084.jpg
train,glass,data/raw/dataset-resized/glass/glass142.jpg,data/processed/train/glass/glass_0085.jpg
train,glass,data/raw/dataset-resized/glass/glass176.jpg,data/processed/train/glass/glass_0086.jpg
train,glass,data/raw/dataset-resized/glass/glass28.jpg,data/processed/train/glass/glass_0087.jpg
train,glass,data/raw/dataset-resized/glass/glass164.jpg,data/processed/train/glass/glass_0088.jpg
train,glass,data/raw/dataset-resized/glass/glass249.jpg,data/processed/train/glass/glass_0089.jpg
train,glass,data/raw/dataset-resized/glass/glass280.jpg,data/processed/train/glass/glass_0090.jpg
train,glass,data/raw/dataset-resized/glass/glass349.jpg,data/processed/train/glass/glass_0091.jpg
train,glass,data/raw/dataset-resized/glass/glass423.jpg,data/processed/train/glass/glass_0092.jpg
train,glass,data/raw/dataset-resized/glass/glass109.jpg,data/processed/train/glass/glass_0093.jpg
train,glass,data/raw/dataset-resized/glass/glass127.jpg,data/processed/train/glass/glass_0094.jpg
train,glass,data/raw/dataset-resized/glass/glass92.jpg,data/processed/train/glass/glass_0095.jpg
train,glass,data/raw/dataset-resized/glass/glass320.jpg,data/processed/train/glass/glass_0096.jpg
train,glass,data/raw/dataset-resized/glass/glass436.jpg,data/processed/train/glass/glass_0097.jpg
train,glass,data/raw/dataset-resized/glass/glass281.jpg,data/processed/train/glass/glass_0098.jpg
train,glass,data/raw/dataset-resized/glass/glass215.jpg,data/processed/train/glass/glass_0099.jpg
train,glass,data/raw/dataset-resized/glass/glass328.jpg,data/processed/train/glass/glass_0100.jpg
train,glass,data/raw/dataset-resized/glass/glass399.jpg,data/processed/train/glass/glass_0101.jpg
train,glass,data/raw/dataset-resized/glass/glass311.jpg,data/processed/train/glass/glass_0102.jpg
train,glass,data/raw/dataset-resized/glass/glass97.jpg,data/processed/train/glass/glass_0103.jpg
train,glass,data/raw/dataset-resized/glass/glass17.jpg,data/processed/train/glass/glass_0104.jpg
train,glass,data/raw/dataset-resized/glass/glass265.jpg,data/processed/train/glass/glass_0105.jpg
train,glass,data/raw/dataset-resized/glass/glass257.jpg,data/processed/train/glass/glass_0106.jpg
train,glass,data/raw/dataset-resized/glass/glass324.jpg,data/processed/train/glass/glass_0107.jpg
train,glass,data/raw/dataset-resized/glass/glass183.jpg,data/processed/train/glass/glass_0108.jpg
train,glass,data/raw/dataset-resized/glass/glass433.jpg,data/processed/train/glass/glass_0109.jpg
train,glass,data/raw/dataset-resized/glass/glass204.jpg,data/processed/train/glass/glass_0110.jpg
train,glass,data/raw/dataset-resized/glass/glass414.jpg,data/processed/train/glass/glass_0111.jpg
train,glass,data/raw/dataset-resized/glass/glass300.jpg,data/processed/train/glass/glass_0112.jpg
train,glass,data/raw/dataset-resized/glass/glass151.jpg,data/processed/train/glass/glass_0113.jpg
train,glass,data/raw/dataset-resized/glass/glass388.jpg,data/processed/train/glass/glass_0114.jpg
train,glass,data/raw/dataset-resized/glass/glass495.jpg,data/processed/train/glass/glass_0115.jpg
train,glass,data/raw/dataset-resized/glass/glass87.jpg,data/processed/train/glass/glass_0116.jpg
train,glass,data/raw/dataset-resized/glass/glass263.jpg,data/processed/train/glass/glass_0117.jpg
train,glass,data/raw/dataset-resized/glass/glass234.jpg,data/processed/train/glass/glass_0118.jpg
train,glass,data/raw/dataset-resized/glass/glass248.jpg,data/processed/train/glass/glass_0119.jpg
train,glass,data/raw/dataset-resized/glass/glass448.jpg,data/processed/train/glass/glass_0120.jpg
train,glass,data/raw/dataset-resized/glass/glass194.jpg,data/processed/train/glass/glass_0121.jpg
train,glass,data/raw/dataset-resized/glass/glass147.jpg,data/processed/train/glass/glass_0122.jpg
train,glass,data/raw/dataset-resized/glass/glass197.jpg,data/processed/train/glass/glass_0123.jpg
train,glass,data/raw/dataset-resized/glass/glass344.jpg,data/processed/train/glass/glass_0124.jpg
train,glass,data/raw/dataset-resized/glass/glass386.jpg,data/processed/train/glass/glass_0125.jpg
train,glass,data/raw/dataset-resized/glass/glass83.jpg,data/processed/train/glass/glass_0126.jpg
train,glass,data/raw/dataset-resized/glass/glass489.jpg,data/processed/train/glass/glass_0127.jpg
train,glass,data/raw/dataset-resized/glass/glass70.jpg,data/processed/train/glass/glass_0128.jpg
train,glass,data/raw/dataset-resized/glass/glass429.jpg,data/processed/train/glass/glass_0129.jpg
train,glass,data/raw/dataset-resized/glass/glass279.jpg,data/processed/train/glass/glass_0130.jpg
train,glass,data/raw/dataset-resized/glass/glass179.jpg,data/processed/train/glass/glass_0131.jpg
train,glass,data/raw/dataset-resized/glass/glass244.jpg,data/processed/train/glass/glass_0132.jpg
train,glass,data/raw/dataset-resized/glass/glass126.jpg,data/processed/train/glass/glass_0133.jpg
train,glass,data/raw/dataset-resized/glass/glass329.jpg,data/processed/train/glass/glass_0134.jpg
train,glass,data/raw/dataset-resized/glass/glass95.jpg,data/processed/train/glass/glass_0135.jpg
train,glass,data/raw/dataset-resized/glass/glass355.jpg,data/processed/train/glass/glass_0136.jpg
train,glass,data/raw/dataset-resized/glass/glass447.jpg,data/processed/train/glass/glass_0137.jpg
train,glass,data/raw/dataset-resized/glass/glass144.jpg,data/processed/train/glass/glass_0138.jpg
train,glass,data/raw/dataset-resized/glass/glass394.jpg,data/processed/train/glass/glass_0139.jpg
train,glass,data/raw/dataset-resized/glass/glass186.jpg,data/processed/train/glass/glass_0140.jpg
train,glass,data/raw/dataset-resized/glass/glass228.jpg,data/processed/train/glass/glass_0141.jpg
train,glass,data/raw/dataset-resized/glass/glass485.jpg,data/processed/train/glass/glass_0142.jpg
train,glass,data/raw/dataset-resized/glass/glass123.jpg,data/processed/train/glass/glass_0143.jpg
train,glass,data/raw/dataset-resized/glass/glass498.jpg,data/processed/train/glass/glass_0144.jpg
train,glass,data/raw/dataset-resized/glass/glass330.jpg,data/processed/train/glass/glass_0145.jpg
train,glass,data/raw/dataset-resized/glass/glass236.jpg,data/processed/train/glass/glass_0146.jpg
train,glass,data/raw/dataset-resized/glass/glass278.jpg,data/processed/train/glass/glass_0147.jpg
train,glass,data/raw/dataset-resized/glass/glass184.jpg,data/processed/train/glass/glass_0148.jpg
train,glass,data/raw/dataset-resized/glass/glass409.jpg,data/processed/train/glass/glass_0149.jpg
train,glass,data/raw/dataset-resized/glass/glass472.jpg,data/processed/train/glass/glass_0150.jpg
train,glass,data/raw/dataset-resized/glass/glass446.jpg,data/processed/train/glass/glass_0151.jpg
train,glass,data/raw/dataset-resized/glass/glass270.jpg,data/processed/train/glass/glass_0152.jpg
train,glass,data/raw/dataset-resized/glass/glass125.jpg,data/processed/train/glass/glass_0153.jpg
train,glass,data/raw/dataset-resized/glass/glass497.jpg,data/processed/train/glass/glass_0154.jpg
train,glass,data/raw/dataset-resized/glass/glass369.jpg,data/processed/train/glass/glass_0155.jpg
train,glass,data/raw/dataset-resized/glass/glass154.jpg,data/processed/train/glass/glass_0156.jpg
train,glass,data/raw/dataset-resized/glass/glass325.jpg,data/processed/train/glass/glass_0157.jpg
train,glass,data/raw/dataset-resized/glass/glass308.jpg,data/processed/train/glass/glass_0158.jpg
train,glass,data/raw/dataset-resized/glass/glass145.jpg,data/processed/train/glass/glass_0159.jpg
train,glass,data/raw/dataset-resized/glass/glass418.jpg,data/processed/train/glass/glass_0160.jpg
train,glass,data/raw/dataset-resized/glass/glass284.jpg,data/processed/train/glass/glass_0161.jpg
train,glass,data/raw/dataset-resized/glass/glass108.jpg,data/processed/train/glass/glass_0162.jpg
train,glass,data/raw/dataset-resized/glass/glass114.jpg,data/processed/train/glass/glass_0163.jpg
train,glass,data/raw/dataset-resized/glass/glass76.jpg,data/processed/train/glass/glass_0164.jpg
train,glass,data/raw/dataset-resized/glass/glass419.jpg,data/processed/train/glass/glass_0165.jpg
train,glass,data/raw/dataset-resized/glass/glass110.jpg,data/processed/train/glass/glass_0166.jpg
train,glass,data/raw/dataset-resized/glass/glass319.jpg,data/processed/train/glass/glass_0167.jpg
train,glass,data/raw/dataset-resized/glass/glass77.jpg,data/processed/train/glass/glass_0168.jpg
train,glass,data/raw/dataset-resized/glass/glass389.jpg,data/processed/train/glass/glass_0169.jpg
train,glass,data/raw/dataset-resized/glass/glass58.jpg,data/processed/train/glass/glass_0170.jpg
train,glass,data/raw/dataset-resized/glass/glass157.jpg,data/processed/train/glass/glass_0171.jpg
train,glass,data/raw/dataset-resized/glass/glass396.jpg,data/processed/train/glass/glass_0172.jpg
train,glass,data/raw/dataset-resized/glass/glass163.jpg,data/processed/train/glass/glass_0173.jpg
train,glass,data/raw/dataset-resized/glass/glass501.jpg,data/processed/train/glass/glass_0174.jpg
train,glass,data/raw/dataset-resized/glass/glass282.jpg,data/processed/train/glass/glass_0175.jpg
train,glass,data/raw/dataset-resized/glass/glass41.jpg,data/processed/train/glass/glass_0176.jpg
train,glass,data/raw/dataset-resized/glass/glass486.jpg,data/processed/train/glass/glass_0177.jpg
train,glass,data/raw/dataset-resized/glass/glass323.jpg,data/processed/train/glass/glass_0178.jpg
train,glass,data/raw/dataset-resized/glass/glass59.jpg,data/processed/train/glass/glass_0179.jpg
train,glass,data/raw/dataset-resized/glass/glass303.jpg,data/processed/train/glass/glass_0180.jpg
train,glass,data/raw/dataset-resized/glass/glass86.jpg,data/processed/train/glass/glass_0181.jpg
train,glass,data/raw/dataset-resized/glass/glass377.jpg,data/processed/train/glass/glass_0182.jpg
train,glass,data/raw/dataset-resized/glass/glass140.jpg,data/processed/train/glass/glass_0183.jpg
train,glass,data/raw/dataset-resized/glass/glass205.jpg,data/processed/train/glass/glass_0184.jpg
train,glass,data/raw/dataset-resized/glass/glass13.jpg,data/processed/train/glass/glass_0185.jpg
train,glass,data/raw/dataset-resized/glass/glass39.jpg,data/processed/train/glass/glass_0186.jpg
train,glass,data/raw/dataset-resized/glass/glass85.jpg,data/processed/train/glass/glass_0187.jpg
train,glass,data/raw/dataset-resized/glass/glass62.jpg,data/processed/train/glass/glass_0188.jpg
train,glass,data/raw/dataset-resized/glass/glass273.jpg,data/processed/train/glass/glass_0189.jpg
train,glass,data/raw/dataset-resized/glass/glass421.jpg,data/processed/train/glass/glass_0190.jpg
train,glass,data/raw/dataset-resized/glass/glass229.jpg,data/processed/train/glass/glass_0191.jpg
train,glass,data/raw/dataset-resized/glass/glass410.jpg,data/processed/train/glass/glass_0192.jpg
train,glass,data/raw/dataset-resized/glass/glass426.jpg,data/processed/train/glass/glass_0193.jpg
train,glass,data/raw/dataset-resized/glass/glass104.jpg,data/processed/train/glass/glass_0194.jpg
train,glass,data/raw/dataset-resized/glass/glass91.jpg,data/processed/train/glass/glass_0195.jpg
train,glass,data/raw/dataset-resized/glass/glass242.jpg,data/processed/train/glass/glass_0196.jpg
train,glass,data/raw/dataset-resized/glass/glass128.jpg,data/processed/train/glass/glass_0197.jpg
train,glass,data/raw/dataset-resized/glass/glass345.jpg,data/processed/train/glass/glass_0198.jpg
train,glass,data/raw/dataset-resized/glass/glass137.jpg,data/processed/train/glass/glass_0199.jpg
train,glass,data/raw/dataset-resized/glass/glass266.jpg,data/processed/train/glass/glass_0200.jpg
train,glass,data/raw/dataset-resized/glass/glass192.jpg,data/processed/train/glass/glass_0201.jpg
train,glass,data/raw/dataset-resized/glass/glass255.jpg,data/processed/train/glass/glass_0202.jpg
train,glass,data/raw/dataset-resized/glass/glass416.jpg,data/processed/train/glass/glass_0203.jpg
train,glass,data/raw/dataset-resized/glass/glass420.jpg,data/processed/train/glass/glass_0204.jpg
train,glass,data/raw/dataset-resized/glass/glass299.jpg,data/processed/train/glass/glass_0205.jpg
train,glass,data/raw/dataset-resized/glass/glass105.jpg,data/processed/train/glass/glass_0206.jpg
train,glass,data/raw/dataset-resized/glass/glass487.jpg,data/processed/train/glass/glass_0207.jpg
train,glass,data/raw/dataset-resized/glass/glass2.jpg,data/processed/train/glass/glass_0208.jpg
train,glass,data/raw/dataset-resized/glass/glass161.jpg,data/processed/train/glass/glass_0209.jpg
train,glass,data/raw/dataset-resized/glass/glass492.jpg,data/processed/train/glass/glass_0210.jpg
train,glass,data/raw/dataset-resized/glass/glass458.jpg,data/processed/train/glass/glass_0211.jpg
train,glass,data/raw/dataset-resized/glass/glass15.jpg,data/processed/train/glass/glass_0212.jpg
train,glass,data/raw/dataset-resized/glass/glass401.jpg,data/processed/train/glass/glass_0213.jpg
train,glass,data/raw/dataset-resized/glass/glass449.jpg,data/processed/train/glass/glass_0214.jpg
train,glass,data/raw/dataset-resized/glass/glass457.jpg,data/processed/train/glass/glass_0215.jpg
train,glass,data/raw/dataset-resized/glass/glass269.jpg,data/processed/train/glass/glass_0216.jpg
train,glass,data/raw/dataset-resized/glass/glass271.jpg,data/processed/train/glass/glass_0217.jpg
train,glass,data/raw/dataset-resized/glass/glass222.jpg,data/processed/train/glass/glass_0218.jpg
train,glass,data/raw/dataset-resized/glass/glass392.jpg,data/processed/train/glass/glass_0219.jpg
train,glass,data/raw/dataset-resized/glass/glass314.jpg,data/processed/train/glass/glass_0220.jpg
train,glass,data/raw/dataset-resized/glass/glass348.jpg,data/processed/train/glass/glass_0221.jpg
train,glass,data/raw/dataset-resized/glass/glass352.jpg,data/processed/train/glass/glass_0222.jpg
train,glass,data/raw/dataset-resized/glass/glass272.jpg,data/processed/train/glass/glass_0223.jpg
train,glass,data/raw/dataset-resized/glass/glass71.jpg,data/processed/train/glass/glass_0224.jpg
train,glass,data/raw/dataset-resized/glass/glass360.jpg,data/processed/train/glass/glass_0225.jpg
train,glass,data/raw/dataset-resized/glass/glass89.jpg,data/processed/train/glass/glass_0226.jpg
train,glass,data/raw/dataset-resized/glass/glass340.jpg,data/processed/train/glass/glass_0227.jpg
train,glass,data/raw/dataset-resized/glass/glass442.jpg,data/processed/train/glass/glass_0228.jpg
train,glass,data/raw/dataset-resized/glass/glass231.jpg,data/processed/train/glass/glass_0229.jpg
train,glass,data/raw/dataset-resized/glass/glass477.jpg,data/processed/train/glass/glass_0230.jpg
train,glass,data/raw/dataset-resized/glass/glass337.jpg,data/processed/train/glass/glass_0231.jpg
train,glass,data/raw/dataset-resized/glass/glass297.jpg,data/processed/train/glass/glass_0232.jpg
train,glass,data/raw/dataset-resized/glass/glass103.jpg,data/processed/train/glass/glass_0233.jpg
train,glass,data/raw/dataset-resized/glass/glass26.jpg,data/processed/train/glass/glass_0234.jpg
train,glass,data/raw/dataset-resized/glass/glass233.jpg,data/processed/train/glass/glass_0235.jpg
train,glass,data/raw/dataset-resized/glass/glass437.jpg,data/processed/train/glass/glass_0236.jpg
train,glass,data/raw/dataset-resized/glass/glass307.jpg,data/processed/train/glass/glass_0237.jpg
train,glass,data/raw/dataset-resized/glass/glass37.jpg,data/processed/train/glass/glass_0238.jpg
train,glass,data/raw/dataset-resized/glass/glass397.jpg,data/processed/train/glass/glass_0239.jpg
train,glass,data/raw/dataset-resized/glass/glass291.jpg,data/processed/train/glass/glass_0240.jpg
train,glass,data/raw/dataset-resized/glass/glass52.jpg,data/processed/train/glass/glass_0241.jpg
train,glass,data/raw/dataset-resized/glass/glass112.jpg,data/processed/train/glass/glass_0242.jpg
train,glass,data/raw/dataset-resized/glass/glass321.jpg,data/processed/train/glass/glass_0243.jpg
train,glass,data/raw/dataset-resized/glass/glass206.jpg,data/processed/train/glass/glass_0244.jpg
train,glass,data/raw/dataset-resized/glass/glass223.jpg,data/processed/train/glass/glass_0245.jpg
train,glass,data/raw/dataset-resized/glass/glass175.jpg,data/processed/train/glass/glass_0246.jpg
train,glass,data/raw/dataset-resized/glass/glass193.jpg,data/processed/train/glass/glass_0247.jpg
train,glass,data/raw/dataset-resized/glass/glass195.jpg,data/processed/train/glass/glass_0248.jpg
train,glass,data/raw/dataset-resized/glass/glass113.jpg,data/processed/train/glass/glass_0249.jpg
train,glass,data/raw/dataset-resized/glass/glass363.jpg,data/processed/train/glass/glass_0250.jpg
train,glass,data/raw/dataset-resized/glass/glass261.jpg,data/processed/train/glass/glass_0251.jpg
train,glass,data/raw/dataset-resized/glass/glass384.jpg,data/processed/train/glass/glass_0252.jpg
train,glass,data/raw/dataset-resized/glass/glass259.jpg,data/processed/train/glass/glass_0253.jpg
train,glass,data/raw/dataset-resized/glass/glass427.jpg,data/processed/train/glass/glass_0254.jpg
train,glass,data/raw/dataset-resized/glass/glass69.jpg,data/processed/train/glass/glass_0255.jpg
train,glass,data/raw/dataset-resized/glass/glass169.jpg,data/processed/train/glass/glass_0256.jpg
train,glass,data/raw/dataset-resized/glass/glass162.jpg,data/processed/train/glass/glass_0257.jpg
train,glass,data/raw/dataset-resized/glass/glass136.jpg,data/processed/train/glass/glass_0258.jpg
train,glass,data/raw/dataset-resized/glass/glass246.jpg,data/processed/train/glass/glass_0259.jpg
train,glass,data/raw/dataset-resized/glass/glass403.jpg,data/processed/train/glass/glass_0260.jpg
train,glass,data/raw/dataset-resized/glass/glass224.jpg,data/processed/train/glass/glass_0261.jpg
train,glass,data/raw/dataset-resized/glass/glass381.jpg,data/processed/train/glass/glass_0262.jpg
train,glass,data/raw/dataset-resized/glass/glass398.jpg,data/processed/train/glass/glass_0263.jpg
train,glass,data/raw/dataset-resized/glass/glass134.jpg,data/processed/train/glass/glass_0264.jpg
train,glass,data/raw/dataset-resized/glass/glass301.jpg,data/processed/train/glass/glass_0265.jpg
train,glass,data/raw/dataset-resized/glass/glass225.jpg,data/processed/train/glass/glass_0266.jpg
train,glass,data/raw/dataset-resized/glass/glass209.jpg,data/processed/train/glass/glass_0267.jpg
train,glass,data/raw/dataset-resized/glass/glass322.jpg,data/processed/train/glass/glass_0268.jpg
train,glass,data/raw/dataset-resized/glass/glass43.jpg,data/processed/train/glass/glass_0269.jpg
train,glass,data/raw/dataset-resized/glass/glass90.jpg,data/processed/train/glass/glass_0270.jpg
train,glass,data/raw/dataset-resized/glass/glass212.jpg,data/processed/train/glass/glass_0271.jpg
train,glass,data/raw/dataset-resized/glass/glass218.jpg,data/processed/train/glass/glass_0272.jpg
train,glass,data/raw/dataset-resized/glass/glass306.jpg,data/processed/train/glass/glass_0273.jpg
train,glass,data/raw/dataset-resized/glass/glass445.jpg,data/processed/train/glass/glass_0274.jpg
train,glass,data/raw/dataset-resized/glass/glass480.jpg,data/processed/train/glass/glass_0275.jpg
train,glass,data/raw/dataset-resized/glass/glass304.jpg,data/processed/train/glass/glass_0276.jpg
train,glass,data/raw/dataset-resized/glass/glass79.jpg,data/processed/train/glass/glass_0277.jpg
train,glass,data/raw/dataset-resized/glass/glass331.jpg,data/processed/train/glass/glass_0278.jpg
train,glass,data/raw/dataset-resized/glass/glass390.jpg,data/processed/train/glass/glass_0279.jpg
train,glass,data/raw/dataset-resized/glass/glass245.jpg,data/processed/train/glass/glass_0280.jpg
train,glass,data/raw/dataset-resized/glass/glass343.jpg,data/processed/train/glass/glass_0281.jpg
train,glass,data/raw/dataset-resized/glass/glass359.jpg,data/processed/train/glass/glass_0282.jpg
train,glass,data/raw/dataset-resized/glass/glass160.jpg,data/processed/train/glass/glass_0283.jpg
train,glass,data/raw/dataset-resized/glass/glass372.jpg,data/processed/train/glass/glass_0284.jpg
train,glass,data/raw/dataset-resized/glass/glass155.jpg,data/processed/train/glass/glass_0285.jpg
train,glass,data/raw/dataset-resized/glass/glass482.jpg,data/processed/train/glass/glass_0286.jpg
train,glass,data/raw/dataset-resized/glass/glass356.jpg,data/processed/train/glass/glass_0287.jpg
train,glass,data/raw/dataset-resized/glass/glass121.jpg,data/processed/train/glass/glass_0288.jpg
train,glass,data/raw/dataset-resized/glass/glass312.jpg,data/processed/train/glass/glass_0289.jpg
train,glass,data/raw/dataset-resized/glass/glass338.jpg,data/processed/train/glass/glass_0290.jpg
train,glass,data/raw/dataset-resized/glass/glass493.jpg,data/processed/train/glass/glass_0291.jpg
train,glass,data/raw/dataset-resized/glass/glass20.jpg,data/processed/train/glass/glass_0292.jpg
train,glass,data/raw/dataset-resized/glass/glass295.jpg,data/processed/train/glass/glass_0293.jpg
train,glass,data/raw/dataset-resized/glass/glass148.jpg,data/processed/train/glass/glass_0294.jpg
train,glass,data/raw/dataset-resized/glass/glass100.jpg,data/processed/train/glass/glass_0295.jpg
train,glass,data/raw/dataset-resized/glass/glass378.jpg,data/processed/train/glass/glass_0296.jpg
train,glass,data/raw/dataset-resized/glass/glass210.jpg,data/processed/train/glass/glass_0297.jpg
train,glass,data/raw/dataset-resized/glass/glass456.jpg,data/processed/train/glass/glass_0298.jpg
train,glass,data/raw/dataset-resized/glass/glass327.jpg,data/processed/train/glass/glass_0299.jpg
train,glass,data/raw/dataset-resized/glass/glass276.jpg,data/processed/train/glass/glass_0300.jpg
train,glass,data/raw/dataset-resized/glass/glass189.jpg,data/processed/train/glass/glass_0301.jpg
train,glass,data/raw/dataset-resized/glass/glass364.jpg,data/processed/train/glass/glass_0302.jpg
train,glass,data/raw/dataset-resized/glass/glass290.jpg,data/processed/train/glass/glass_0303.jpg
train,glass,data/raw/dataset-resized/glass/glass309.jpg,data/processed/train/glass/glass_0304.jpg
train,glass,data/raw/dataset-resized/glass/glass132.jpg,data/processed/train/glass/glass_0305.jpg
train,glass,data/raw/dataset-resized/glass/glass318.jpg,data/processed/train/glass/glass_0306.jpg
train,glass,data/raw/dataset-resized/glass/glass211.jpg,data/processed/train/glass/glass_0307.jpg
train,glass,data/raw/dataset-resized/glass/glass12.jpg,data/processed/train/glass/glass_0308.jpg
train,glass,data/raw/dataset-resized/glass/glass467.jpg,data/processed/train/glass/glass_0309.jpg
train,glass,data/raw/dataset-resized/glass/glass98.jpg,data/processed/train/glass/glass_0310.jpg
train,glass,data/raw/dataset-resized/glass/glass190.jpg,data/processed/train/glass/glass_0311.jpg
train,glass,data/raw/dataset-resized/glass/glass202.jpg,data/processed/train/glass/glass_0312.jpg
train,glass,data/raw/dataset-resized/glass/glass428.jpg,data/processed/train/glass/glass_0313.jpg
train,glass,data/raw/dataset-resized/glass/glass207.jpg,data/processed/train/glass/glass_0314.jpg
train,glass,data/raw/dataset-resized/glass/glass94.jpg,data/processed/train/glass/glass_0315.jpg
train,glass,data/raw/dataset-resized/glass/glass253.jpg,data/processed/train/glass/glass_0316.jpg
train,glass,data/raw/dataset-resized/glass/glass336.jpg,data/processed/train/glass/glass_0317.jpg
train,glass,data/raw/dataset-resized/glass/glass23.jpg,data/processed/train/glass/glass_0318.jpg
train,glass,data/raw/dataset-resized/glass/glass138.jpg,data/processed/train/glass/glass_0319.jpg
train,glass,data/raw/dataset-resized/glass/glass177.jpg,data/processed/train/glass/glass_0320.jpg
train,glass,data/raw/dataset-resized/glass/glass317.jpg,data/processed/train/glass/glass_0321.jpg
train,glass,data/raw/dataset-resized/glass/glass96.jpg,data/processed/train/glass/glass_0322.jpg
train,glass,data/raw/dataset-resized/glass/glass198.jpg,data/processed/train/glass/glass_0323.jpg
train,glass,data/raw/dataset-resized/glass/glass93.jpg,data/processed/train/glass/glass_0324.jpg
train,glass,data/raw/dataset-resized/glass/glass81.jpg,data/processed/train/glass/glass_0325.jpg
train,glass,data/raw/dataset-resized/glass/glass313.jpg,data/processed/train/glass/glass_0326.jpg
train,glass,data/raw/dataset-resized/glass/glass247.jpg,data/processed/train/glass/glass_0327.jpg
train,glass,data/raw/dataset-resized/glass/glass44.jpg,data/processed/train/glass/glass_0328.jpg
train,glass,data/raw/dataset-resized/glass/glass366.jpg,data/processed/train/glass/glass_0329.jpg
train,glass,data/raw/dataset-resized/glass/glass8.jpg,data/processed/train/glass/glass_0330.jpg
train,glass,data/raw/dataset-resized/glass/glass56.jpg,data/processed/train/glass/glass_0331.jpg
train,glass,data/raw/dataset-resized/glass/glass230.jpg,data/processed/train/glass/glass_0332.jpg
train,glass,data/raw/dataset-resized/glass/glass239.jpg,data/processed/train/glass/glass_0333.jpg
train,glass,data/raw/dataset-resized/glass/glass430.jpg,data/processed/train/glass/glass_0334.jpg
train,glass,data/raw/dataset-resized/glass/glass351.jpg,data/processed/train/glass/glass_0335.jpg
train,glass,data/raw/dataset-resized/glass/glass286.jpg,data/processed/train/glass/glass_0336.jpg
train,glass,data/raw/dataset-resized/glass/glass238.jpg,data/processed/train/glass/glass_0337.jpg
train,glass,data/raw/dataset-resized/glass/glass361.jpg,data/processed/train/glass/glass_0338.jpg
train,glass,data/raw/dataset-resized/glass/glass383.jpg,data/processed/train/glass/glass_0339.jpg
train,glass,data/raw/dataset-resized/glass/glass18.jpg,data/processed/train/glass/glass_0340.jpg
train,glass,data/raw/dataset-resized/glass/glass274.jpg,data/processed/train/glass/glass_0341.jpg
train,glass,data/raw/dataset-resized/glass/glass479.jpg,data/processed/train/glass/glass_0342.jpg
train,glass,data/raw/dataset-resized/glass/glass293.jpg,data/processed/train/glass/glass_0343.jpg
train,glass,data/raw/dataset-resized/glass/glass465.jpg,data/processed/train/glass/glass_0344.jpg
train,glass,data/raw/dataset-resized/glass/glass63.jpg,data/processed/train/glass/glass_0345.jpg
train,glass,data/raw/dataset-resized/glass/glass354.jpg,data/processed/train/glass/glass_0346.jpg
train,glass,data/raw/dataset-resized/glass/glass235.jpg,data/processed/train/glass/glass_0347.jpg
train,glass,data/raw/dataset-resized/glass/glass285.jpg,data/processed/train/glass/glass_0348.jpg
train,glass,data/raw/dataset-resized/glass/glass25.jpg,data/processed/train/glass/glass_0349.jpg
train,glass,data/raw/dataset-resized/glass/glass288.jpg,data/processed/train/glass/glass_0350.jpg
train,metal,data/raw/dataset-resized/metal/metal85.jpg,data/processed/train/metal/metal_0001.jpg
train,metal,data/raw/dataset-resized/metal/metal331.jpg,data/processed/train/metal/metal_0002.jpg
train,metal,data/raw/dataset-resized/metal/metal358.jpg,data/processed/train/metal/metal_0003.jpg
train,metal,data/raw/dataset-resized/metal/metal273.jpg,data/processed/train/metal/metal_0004.jpg
train,metal,data/raw/dataset-resized/metal/metal145.jpg,data/processed/train/metal/metal_0005.jpg
train,metal,data/raw/dataset-resized/metal/metal83.jpg,data/processed/train/metal/metal_0006.jpg
train,metal,data/raw/dataset-resized/metal/metal112.jpg,data/processed/train/metal/metal_0007.jpg
train,metal,data/raw/dataset-resized/metal/metal28.jpg,data/processed/train/metal/metal_0008.jpg
train,metal,data/raw/dataset-resized/metal/metal397.jpg,data/processed/train/metal/metal_0009.jpg
train,metal,data/raw/dataset-resized/metal/metal228.jpg,data/processed/train/metal/metal_0010.jpg
train,metal,data/raw/dataset-resized/metal/metal278.jpg,data/processed/train/metal/metal_0011.jpg
train,metal,data/raw/dataset-resized/metal/metal189.jpg,data/processed/train/metal/metal_0012.jpg
train,metal,data/raw/dataset-resized/metal/metal364.jpg,data/processed/train/metal/metal_0013.jpg
train,metal,data/raw/dataset-resized/metal/metal246.jpg,data/processed/train/metal/metal_0014.jpg
train,metal,data/raw/dataset-resized/metal/metal27.jpg,data/processed/train/metal/metal_0015.jpg
train,metal,data/raw/dataset-resized/metal/metal268.jpg,data/processed/train/metal/metal_0016.jpg
train,metal,data/raw/dataset-resized/metal/metal120.jpg,data/processed/train/metal/metal_0017.jpg
train,metal,data/raw/dataset-resized/metal/metal199.jpg,data/processed/train/metal/metal_0018.jpg
train,metal,data/raw/dataset-resized/metal/metal130.jpg,data/processed/train/metal/metal_0019.jpg
train,metal,data/raw/dataset-resized/metal/metal219.jpg,data/processed/train/metal/metal_0020.jpg
train,metal,data/raw/dataset-resized/metal/metal25.jpg,data/processed/train/metal/metal_0021.jpg
train,metal,data/raw/dataset-resized/metal/metal185.jpg,data/processed/train/metal/metal_0022.jpg
train,metal,data/raw/dataset-resized/metal/metal102.jpg,data/processed/train/metal/metal_0023.jpg
train,metal,data/raw/dataset-resized/metal/metal96.jpg,data/processed/train/metal/metal_0024.jpg
train,metal,data/raw/dataset-resized/metal/metal89.jpg,data/processed/train/metal/metal_0025.jpg
train,metal,data/raw/dataset-resized/metal/metal174.jpg,data/processed/train/metal/metal_0026.jpg
train,metal,data/raw/dataset-resized/metal/metal276.jpg,data/processed/train/metal/metal_0027.jpg
train,metal,data/raw/dataset-resized/metal/metal191.jpg,data/processed/train/metal/metal_0028.jpg
train,metal,data/raw/dataset-resized/metal/metal181.jpg,data/processed/train/metal/metal_0029.jpg
train,metal,data/raw/dataset-resized/metal/metal183.jpg,data/processed/train/metal/metal_0030.jpg
train,metal,data/raw/dataset-resized/metal/metal321.jpg,data/processed/train/metal/metal_0031.jpg
train,metal,data/raw/dataset-resized/metal/metal159.jpg,data/processed/train/metal/metal_0032.jpg
train,metal,data/raw/dataset-resized/metal/metal267.jpg,data/processed/train/metal/metal_0033.jpg
train,metal,data/raw/dataset-resized/metal/metal408.jpg,data/processed/train/metal/metal_0034.jpg
train,metal,data/raw/dataset-resized/metal/metal124.jpg,data/processed/train/metal/metal_0035.jpg
train,metal,data/raw/dataset-resized/metal/metal253.jpg,data/processed/train/metal/metal_0036.jpg
train,metal,data/raw/dataset-resized/metal/metal258.jpg,data/processed/train/metal/metal_0037.jpg
train,metal,data/raw/dataset-resized/metal/metal90.jpg,data/processed/train/metal/metal_0038.jpg
train,metal,data/raw/dataset-resized/metal/metal106.jpg,data/processed/train/metal/metal_0039.jpg
train,metal,data/raw/dataset-resized/metal/metal401.jpg,data/processed/train/metal/metal_0040.jpg
train,metal,data/raw/dataset-resized/metal/metal343.jpg,data/processed/train/metal/metal_0041.jpg
train,metal,data/raw/dataset-resized/metal/metal11.jpg,data/processed/train/metal/metal_0042.jpg
train,metal,data/raw/dataset-resized/metal/metal309.jpg,data/processed/train/metal/metal_0043.jpg
train,metal,data/raw/dataset-resized/metal/metal41.jpg,data/processed/train/metal/metal_0044.jpg
train,metal,data/raw/dataset-resized/metal/metal192.jpg,data/processed/train/metal/metal_0045.jpg
train,metal,data/raw/dataset-resized/metal/metal5.jpg,data/processed/train/metal/metal_0046.jpg
train,metal,data/raw/dataset-resized/metal/metal111.jpg,data/processed/train/metal/metal_0047.jpg
train,metal,data/raw/dataset-resized/metal/metal84.jpg,data/processed/train/metal/metal_0048.jpg
train,metal,data/raw/dataset-resized/metal/metal372.jpg,data/processed/train/metal/metal_0049.jpg
train,metal,data/raw/dataset-resized/metal/metal198.jpg,data/processed/train/metal/metal_0050.jpg
train,metal,data/raw/dataset-resized/metal/metal218.jpg,data/processed/train/metal/metal_0051.jpg
train,metal,data/raw/dataset-resized/metal/metal369.jpg,data/processed/train/metal/metal_0052.jpg
train,metal,data/raw/dataset-resized/metal/metal392.jpg,data/processed/train/metal/metal_0053.jpg
train,metal,data/raw/dataset-resized/metal/metal163.jpg,data/processed/train/metal/metal_0054.jpg
train,metal,data/raw/dataset-resized/metal/metal69.jpg,data/processed/train/metal/metal_0055.jpg
train,metal,data/raw/dataset-resized/metal/metal344.jpg,data/processed/train/metal/metal_0056.jpg
train,metal,data/raw/dataset-resized/metal/metal322.jpg,data/processed/train/metal/metal_0057.jpg
train,metal,data/raw/dataset-resized/metal/metal272.jpg,data/processed/train/metal/metal_0058.jpg
train,metal,data/raw/dataset-resized/metal/metal57.jpg,data/processed/train/metal/metal_0059.jpg
train,metal,data/raw/dataset-resized/metal/metal47.jpg,data/processed/train/metal/metal_0060.jpg
train,metal,data/raw/dataset-resized/metal/metal137.jpg,data/processed/train/metal/metal_0061.jpg
train,metal,data/raw/dataset-resized/metal/metal382.jpg,data/processed/train/metal/metal_0062.jpg
train,metal,data/raw/dataset-resized/metal/metal350.jpg,data/processed/train/metal/metal_0063.jpg
train,metal,data/raw/dataset-resized/metal/metal100.jpg,data/processed/train/metal/metal_0064.jpg
train,metal,data/raw/dataset-resized/metal/metal158.jpg,data/processed/train/metal/metal_0065.jpg
train,metal,data/raw/dataset-resized/metal/metal383.jpg,data/processed/train/metal/metal_0066.jpg
train,metal,data/raw/dataset-resized/metal/metal42.jpg,data/processed/train/metal/metal_0067.jpg
train,metal,data/raw/dataset-resized/metal/metal19.jpg,data/processed/train/metal/metal_0068.jpg
train,metal,data/raw/dataset-resized/metal/metal223.jpg,data/processed/train/metal/metal_0069.jpg
train,metal,data/raw/dataset-resized/metal/metal99.jpg,data/processed/train/metal/metal_0070.jpg
train,metal,data/raw/dataset-resized/metal/metal254.jpg,data/processed/train/metal/metal_0071.jpg
train,metal,data/raw/dataset-resized/metal/metal143.jpg,data/processed/train/metal/metal_0072.jpg
train,metal,data/raw/dataset-resized/metal/metal296.jpg,data/processed/train/metal/metal_0073.jpg
train,metal,data/raw/dataset-resized/metal/metal72.jpg,data/processed/train/metal/metal_0074.jpg
train,metal,data/raw/dataset-resized/metal/metal360.jpg,data/processed/train/metal/metal_0075.jpg
train,metal,data/raw/dataset-resized/metal/metal259.jpg,data/processed/train/metal/metal_0076.jpg
train,metal,data/raw/dataset-resized/metal/metal148.jpg,data/processed/train/metal/metal_0077.jpg
train,metal,data/raw/dataset-resized/metal/metal31.jpg,data/processed/train/metal/metal_0078.jpg
train,metal,data/raw/dataset-resized/metal/metal167.jpg,data/processed/train/metal/metal_0079.jpg
train,metal,data/raw/dataset-resized/metal/metal139.jpg,data/processed/train/metal/metal_0080.jpg
train,metal,data/raw/dataset-resized/metal/metal313.jpg,data/processed/train/metal/metal_0081.jpg
train,metal,data/raw/dataset-resized/metal/metal396.jpg,data/processed/train/metal/metal_0082.jpg
train,metal,data/raw/dataset-resized/metal/metal317.jpg,data/processed/train/metal/metal_0083.jpg
train,metal,data/raw/dataset-resized/metal/metal298.jpg,data/processed/train/metal/metal_0084.jpg
train,metal,data/raw/dataset-resized/metal/metal402.jpg,data/processed/train/metal/metal_0085.jpg
train,metal,data/raw/dataset-resized/metal/metal66.jpg,data/processed/train/metal/metal_0086.jpg
train,metal,data/raw/dataset-resized/metal/metal407.jpg,data/processed/train/metal/metal_0087.jpg
train,metal,data/raw/dataset-resized/metal/metal260.jpg,data/processed/train/metal/metal_0088.jpg
train,metal,data/raw/dataset-resized/metal/metal180.jpg,data/processed/train/metal/metal_0089.jpg
train,metal,data/raw/dataset-resized/metal/metal217.jpg,data/processed/train/metal/metal_0090.jpg
train,metal,data/raw/dataset-resized/metal/metal242.jpg,data/processed/train/metal/metal_0091.jpg
train,metal,data/raw/dataset-resized/metal/metal263.jpg,data/processed/train/metal/metal_0092.jpg
train,metal,data/raw/dataset-resized/metal/metal251.jpg,data/processed/train/metal/metal_0093.jpg
train,metal,data/raw/dataset-resized/metal/metal371.jpg,data/processed/train/metal/metal_0094.jpg
train,metal,data/raw/dataset-resized/metal/metal238.jpg,data/processed/train/metal/metal_0095.jpg
train,metal,data/raw/dataset-resized/metal/metal294.jpg,data/processed/train/metal/metal_0096.jpg
train,metal,data/raw/dataset-resized/metal/metal64.jpg,data/processed/train/metal/metal_0097.jpg
train,metal,data/raw/dataset-resized/metal/metal3.jpg,data/processed/train/metal/metal_0098.jpg
train,metal,data/raw/dataset-resized/metal/metal196.jpg,data/processed/train/metal/metal_0099.jpg
train,metal,data/raw/dataset-resized/metal/metal340.jpg,data/processed/train/metal/metal_0100.jpg
train,metal,data/raw/dataset-resized/metal/metal255.jpg,data/processed/train/metal/metal_0101.jpg
train,metal,data/raw/dataset-resized/metal/metal17.jpg,data/processed/train/metal/metal_0102.jpg
train,metal,data/raw/dataset-resized/metal/metal9.jpg,data/processed/train/metal/metal_0103.jpg
train,metal,data/raw/dataset-resized/metal/metal119.jpg,data/processed/train/metal/metal_0104.jpg
train,metal,data/raw/dataset-resized/metal/metal270.jpg,data/processed/train/metal/metal_0105.jpg
train,metal,data/raw/dataset-resized/metal/metal281.jpg,data/processed/train/metal/metal_0106.jpg
train,metal,data/raw/dataset-resized/metal/metal355.jpg,data/processed/train/metal/metal_0107.jpg
train,metal,data/raw/dataset-resized/metal/metal275.jpg,data/processed/train/metal/metal_0108.jpg
train,metal,data/raw/dataset-resized/metal/metal280.jpg,data/processed/train/metal/metal_0109.jpg
train,metal,data/raw/dataset-resized/metal/metal324.jpg,data/processed/train/metal/metal_0110.jpg
train,metal,data/raw/dataset-resized/metal/metal4.jpg,data/processed/train/metal/metal_0111.jpg
train,metal,data/raw/dataset-resized/metal/metal352.jpg,data/processed/train/metal/metal_0112.jpg
train,metal,data/raw/dataset-resized/metal/metal341.jpg,data/processed/train/metal/metal_0113.jpg
train,metal,data/raw/dataset-resized/metal/metal149.jpg,data/processed/train/metal/metal_0114.jpg
train,metal,data/raw/dataset-resized/metal/metal141.jpg,data/processed/train/metal/metal_0115.jpg
train,metal,data/raw/dataset-resized/metal/metal60.jpg,data/processed/train/metal/metal_0116.jpg
train,metal,data/raw/dataset-resized/metal/metal335.jpg,data/processed/train/metal/metal_0117.jpg
train,metal,data/raw/dataset-resized/metal/metal378.jpg,data/processed/train/metal/metal_0118.jpg
train,metal,data/raw/dataset-resized/metal/metal357.jpg,data/processed/train/metal/metal_0119.jpg
train,metal,data/raw/dataset-resized/metal/metal394.jpg,data/processed/train/metal/metal_0120.jpg
train,metal,data/raw/dataset-resized/metal/metal103.jpg,data/processed/train/metal/metal_0121.jpg
train,metal,data/raw/dataset-resized/metal/metal269.jpg,data/processed/train/metal/metal_0122.jpg
train,metal,data/raw/dataset-resized/metal/metal75.jpg,data/processed/train/metal/metal_0123.jpg
train,metal,data/raw/dataset-resized/metal/metal245.jpg,data/processed/train/metal/metal_0124.jpg
train,metal,data/raw/dataset-resized/metal/metal292.jpg,data/processed/train/metal/metal_0125.jpg
train,metal,data/raw/dataset-resized/metal/metal118.jpg,data/processed/train/metal/metal_0126.jpg
train,metal,data/raw/dataset-resized/metal/metal15.jpg,data/processed/train/metal/metal_0127.jpg
train,metal,data/raw/dataset-resized/metal/metal241.jpg,data/processed/train/metal/metal_0128.jpg
train,metal,data/raw/dataset-resized/metal/metal282.jpg,data/processed/train/metal/metal_0129.jpg
train,metal,data/raw/dataset-resized/metal/metal2.jpg,data/processed/train/metal/metal_0130.jpg
train,metal,data/raw/dataset-resized/metal/metal303.jpg,data/processed/train/metal/metal_0131.jpg
train,metal,data/raw/dataset-resized/metal/metal391.jpg,data/processed/train/metal/metal_0132.jpg
train,metal,data/raw/dataset-resized/metal/metal87.jpg,data/processed/train/metal/metal_0133.jpg
train,metal,data/raw/dataset-resized/metal/metal67.jpg,data/processed/train/metal/metal_0134.jpg
train,metal,data/raw/dataset-resized/metal/metal279.jpg,data/processed/train/metal/metal_0135.jpg
train,metal,data/raw/dataset-resized/metal/metal328.jpg,data/processed/train/metal/metal_0136.jpg
train,metal,data/raw/dataset-resized/metal/metal316.jpg,data/processed/train/metal/metal_0137.jpg
train,metal,data/raw/dataset-resized/metal/metal249.jpg,data/processed/train/metal/metal_0138.jpg
train,metal,data/raw/dataset-resized/metal/metal349.jpg,data/processed/train/metal/metal_0139.jpg
train,metal,data/raw/dataset-resized/metal/metal395.jpg,data/processed/train/metal/metal_0140.jpg
train,metal,data/raw/dataset-resized/metal/metal54.jpg,data/processed/train/metal/metal_0141.jpg
train,metal,data/raw/dataset-resized/metal/metal381.jpg,data/processed/train/metal/metal_0142.jpg
train,metal,data/raw/dataset-resized/metal/metal95.jpg,data/processed/train/metal/metal_0143.jpg
train,metal,data/raw/dataset-resized/metal/metal177.jpg,data/processed/train/metal/metal_0144.jpg
train,metal,data/raw/dataset-resized/metal/metal16.jpg,data/processed/train/metal/metal_0145.jpg
train,metal,data/raw/dataset-resized/metal/metal345.jpg,data/processed/train/metal/metal_0146.jpg
train,metal,data/raw/dataset-resized/metal/metal116.jpg,data/processed/train/metal/metal_0147.jpg
train,metal,data/raw/dataset-resized/metal/metal55.jpg,data/processed/train/metal/metal_0148.jpg
train,metal,data/raw/dataset-resized/metal/metal304.jpg,data/processed/train/metal/metal_0149.jpg
train,metal,data/raw/dataset-resized/metal/metal386.jpg,data/processed/train/metal/metal_0150.jpg
train,metal,data/raw/dataset-resized/metal/metal405.jpg,data/processed/train/metal/metal_0151.jpg
train,metal,data/raw/dataset-resized/metal/metal257.jpg,data/processed/train/metal/metal_0152.jpg
train,metal,data/raw/dataset-resized/metal/metal22.jpg,data/processed/train/metal/metal_0153.jpg
train,metal,data/raw/dataset-resized/metal/metal320.jpg,data/processed/train/metal/metal_0154.jpg
train,metal,data/raw/dataset-resized/metal/metal81.jpg,data/processed/train/metal/metal_0155.jpg
train,metal,data/raw/dataset-resized/metal/metal121.jpg,data/processed/train/metal/metal_0156.jpg
train,metal,data/raw/dataset-resized/metal/metal62.jpg,data/processed/train/metal/metal_0157.jpg
train,metal,data/raw/dataset-resized/metal/metal235.jpg,data/processed/train/metal/metal_0158.jpg
train,metal,data/raw/dataset-resized/metal/metal367.jpg,data/processed/train/metal/metal_0159.jpg
train,metal,data/raw/dataset-resized/metal/metal128.jpg,data/processed/train/metal/metal_0160.jpg
train,metal,data/raw/dataset-resized/metal/metal107.jpg,data/processed/train/metal/metal_0161.jpg
train,metal,data/raw/dataset-resized/metal/metal212.jpg,data/processed/train/metal/metal_0162.jpg
train,metal,data/raw/dataset-resized/metal/metal265.jpg,data/processed/train/metal/metal_0163.jpg
train,metal,data/raw/dataset-resized/metal/metal390.jpg,data/processed/train/metal/metal_0164.jpg
train,metal,data/raw/dataset-resized/metal/metal187.jpg,data/processed/train/metal/metal_0165.jpg
train,metal,data/raw/dataset-resized/metal/metal208.jpg,data/processed/train/metal/metal_0166.jpg
train,metal,data/raw/dataset-resized/metal/metal172.jpg,data/processed/train/metal/metal_0167.jpg
train,metal,data/raw/dataset-resized/metal/metal109.jpg,data/processed/train/metal/metal_0168.jpg
train,metal,data/raw/dataset-resized/metal/metal194.jpg,data/processed/train/metal/metal_0169.jpg
train,metal,data/raw/dataset-resized/metal/metal336.jpg,data/processed/train/metal/metal_0170.jpg
train,metal,data/raw/dataset-resized/metal/metal342.jpg,data/processed/train/metal/metal_0171.jpg
train,metal,data/raw/dataset-resized/metal/metal230.jpg,data/processed/train/metal/metal_0172.jpg
train,metal,data/raw/dataset-resized/metal/metal310.jpg,data/processed/train/metal/metal_0173.jpg
train,metal,data/raw/dataset-resized/metal/metal333.jpg,data/processed/train/metal/metal_0174.jpg
train,metal,data/raw/dataset-resized/metal/metal347.jpg,data/processed/train/metal/metal_0175.jpg
train,metal,data/raw/dataset-resized/metal/metal287.jpg,data/processed/train/metal/metal_0176.jpg
train,metal,data/raw/dataset-resized/metal/metal330.jpg,data/processed/train/metal/metal_0177.jpg
train,metal,data/raw/dataset-resized/metal/metal375.jpg,data/processed/train/metal/metal_0178.jpg
train,metal,data/raw/dataset-resized/metal/metal286.jpg,data/processed/train/metal/metal_0179.jpg
train,metal,data/raw/dataset-resized/metal/metal176.jpg,data/processed/train/metal/metal_0180.jpg
train,metal,data/raw/dataset-resized/metal/metal410.jpg,data/processed/train/metal/metal_0181.jpg
train,metal,data/raw/dataset-resized/metal/metal332.jpg,data/processed/train/metal/metal_0182.jpg
train,metal,data/raw/dataset-resized/metal/metal362.jpg,data/processed/train/metal/metal_0183.jpg
train,metal,data/raw/dataset-resized/metal/metal201.jpg,data/processed/train/metal/metal_0184.jpg
train,metal,data/raw/dataset-resized/metal/metal409.jpg,data/processed/train/metal/metal_0185.jpg
train,metal,data/raw/dataset-resized/metal/metal211.jpg,data/processed/train/metal/metal_0186.jpg
train,metal,data/raw/dataset-resized/metal/metal346.jpg,data/processed/train/metal/metal_0187.jpg
train,metal,data/raw/dataset-resized/metal/metal232.jpg,data/processed/train/metal/metal_0188.jpg
train,metal,data/raw/dataset-resized/metal/metal234.jpg,data/processed/train/metal/metal_0189.jpg
train,metal,data/raw/dataset-resized/metal/metal389.jpg,data/processed/train/metal/metal_0190.jpg
train,metal,data/raw/dataset-resized/metal/metal63.jpg,data/processed/train/metal/metal_0191.jpg
train,metal,data/raw/dataset-resized/metal/metal387.jpg,data/processed/train/metal/metal_0192.jpg
train,metal,data/raw/dataset-resized/metal/metal334.jpg,data/processed/train/metal/metal_0193.jpg
train,metal,data/raw/dataset-resized/metal/metal323.jpg,data/processed/train/metal/metal_0194.jpg
train,metal,data/raw/dataset-resized/metal/metal70.jpg,data/processed/train/metal/metal_0195.jpg
train,metal,data/raw/dataset-resized/metal/metal178.jpg,data/processed/train/metal/metal_0196.jpg
train,metal,data/raw/dataset-resized/metal/metal290.jpg,data/processed/train/metal/metal_0197.jpg
train,metal,data/raw/dataset-resized/metal/metal277.jpg,data/processed/train/metal/metal_0198.jpg
train,metal,data/raw/dataset-resized/metal/metal162.jpg,data/processed/train/metal/metal_0199.jpg
train,metal,data/raw/dataset-resized/metal/metal114.jpg,data/processed/train/metal/metal_0200.jpg
train,metal,data/raw/dataset-resized/metal/metal13.jpg,data/processed/train/metal/metal_0201.jpg
train,metal,data/raw/dataset-resized/metal/metal271.jpg,data/processed/train/metal/metal_0202.jpg
train,metal,data/raw/dataset-resized/metal/metal318.jpg,data/processed/train/metal/metal_0203.jpg
train,metal,data/raw/dataset-resized/metal/metal237.jpg,data/processed/train/metal/metal_0204.jpg
train,metal,data/raw/dataset-resized/metal/metal142.jpg,data/processed/train/metal/metal_0205.jpg
train,metal,data/raw/dataset-resized/metal/metal188.jpg,data/processed/train/metal/metal_0206.jpg
train,metal,data/raw/dataset-resized/metal/metal94.jpg,data/processed/train/metal/metal_0207.jpg
train,metal,data/raw/dataset-resized/metal/metal305.jpg,data/processed/train/metal/metal_0208.jpg
train,metal,data/raw/dataset-resized/metal/metal203.jpg,data/processed/train/metal/metal_0209.jpg
train,metal,data/raw/dataset-resized/metal/metal155.jpg,data/processed/train/metal/metal_0210.jpg
train,metal,data/raw/dataset-resized/metal/metal207.jpg,data/processed/train/metal/metal_0211.jpg
train,metal,data/raw/dataset-resized/metal/metal21.jpg,data/processed/train/metal/metal_0212.jpg
train,metal,data/raw/dataset-resized/metal/metal49.jpg,data/processed/train/metal/metal_0213.jpg
train,metal,data/raw/dataset-resized/metal/metal161.jpg,data/processed/train/metal/metal_0214.jpg
train,metal,data/raw/dataset-resized/metal/metal261.jpg,data/processed/train/metal/metal_0215.jpg
train,metal,data/raw/dataset-resized/metal/metal216.jpg,data/processed/train/metal/metal_0216.jpg
train,metal,data/raw/dataset-resized/metal/metal166.jpg,data/processed/train/metal/metal_0217.jpg
train,metal,data/raw/dataset-resized/metal/metal264.jpg,data/processed/train/metal/metal_0218.jpg
train,metal,data/raw/dataset-resized/metal/metal68.jpg,data/processed/train/metal/metal_0219.jpg
train,metal,data/raw/dataset-resized/metal/metal134.jpg,data/processed/train/metal/metal_0220.jpg
train,metal,data/raw/dataset-resized/metal/metal65.jpg,data/processed/train/metal/metal_0221.jpg
train,metal,data/raw/dataset-resized/metal/metal337.jpg,data/processed/train/metal/metal_0222.jpg
train,metal,data/raw/dataset-resized/metal/metal52.jpg,data/processed/train/metal/metal_0223.jpg
train,metal,data/raw/dataset-resized/metal/metal400.jpg,data/processed/train/metal/metal_0224.jpg
train,metal,data/raw/dataset-resized/metal/metal125.jpg,data/processed/train/metal/metal_0225.jpg
train,metal,data/raw/dataset-resized/metal/metal293.jpg,data/processed/train/metal/metal_0226.jpg
train,metal,data/raw/dataset-resized/metal/metal150.jpg,data/processed/train/metal/metal_0227.jpg
train,metal,data/raw/dataset-resized/metal/metal12.jpg,data/processed/train/metal/metal_0228.jpg
train,metal,data/raw/dataset-resized/metal/metal193.jpg,data/processed/train/metal/metal_0229.jpg
train,metal,data/raw/dataset-resized/metal/metal307.jpg,data/processed/train/metal/metal_0230.jpg
train,metal,data/raw/dataset-resized/metal/metal101.jpg,data/processed/train/metal/metal_0231.jpg
train,metal,data/raw/dataset-resized/metal/metal226.jpg,data/processed/train/metal/metal_0232.jpg
train,metal,data/raw/dataset-resized/metal/metal170.jpg,data/processed/train/metal/metal_0233.jpg
train,metal,data/raw/dataset-resized/metal/metal135.jpg,data/processed/train/metal/metal_0234.jpg
train,metal,data/raw/dataset-resized/metal/metal262.jpg,data/processed/train/metal/metal_0235.jpg
train,metal,data/raw/dataset-resized/metal/metal154.jpg,data/processed/train/metal/metal_0236.jpg
train,metal,data/raw/dataset-resized/metal/metal283.jpg,data/processed/train/metal/metal_0237.jpg
train,metal,data/raw/dataset-resized/metal/metal377.jpg,data/processed/train/metal/metal_0238.jpg
train,metal,data/raw/dataset-resized/metal/metal339.jpg,data/processed/train/metal/metal_0239.jpg
train,metal,data/raw/dataset-resized/metal/metal105.jpg,data/processed/train/metal/metal_0240.jpg
train,metal,data/raw/dataset-resized/metal/metal127.jpg,data/processed/train/metal/metal_0241.jpg
train,metal,data/raw/dataset-resized/metal/metal210.jpg,data/processed/train/metal/metal_0242.jpg
train,metal,data/raw/dataset-resized/metal/metal351.jpg,data/processed/train/metal/metal_0243.jpg
train,metal,data/raw/dataset-resized/metal/metal86.jpg,data/processed/train/metal/metal_0244.jpg
train,metal,data/raw/dataset-resized/metal/metal20.jpg,data/processed/train/metal/metal_0245.jpg
train,metal,data/raw/dataset-resized/metal/metal165.jpg,data/processed/train/metal/metal_0246.jpg
train,metal,data/raw/dataset-resized/metal/metal312.jpg,data/processed/train/metal/metal_0247.jpg
train,metal,data/raw/dataset-resized/metal/metal8.jpg,data/processed/train/metal/metal_0248.jpg
train,metal,data/raw/dataset-resized/metal/metal225.jpg,data/processed/train/metal/metal_0249.jpg
train,metal,data/raw/dataset-resized/metal/metal160.jpg,data/processed/train/metal/metal_0250.jpg
train,metal,data/raw/dataset-resized/metal/metal92.jpg,data/processed/train/metal/metal_0251.jpg
train,metal,data/raw/dataset-resized/metal/metal366.jpg,data/processed/train/metal/metal_0252.jpg
train,metal,data/raw/dataset-resized/metal/metal6.jpg,data/processed/train/metal/metal_0253.jpg
train,metal,data/raw/dataset-resized/metal/metal200.jpg,data/processed/train/metal/metal_0254.jpg
train,metal,data/raw/dataset-resized/metal/metal243.jpg,data/processed/train/metal/metal_0255.jpg
train,metal,data/raw/dataset-resized/metal/metal329.jpg,data/processed/train/metal/metal_0256.jpg
train,metal,data/raw/dataset-resized/metal/metal266.jpg,data/processed/train/metal/metal_0257.jpg
train,metal,data/raw/dataset-resized/metal/metal186.jpg,data/processed/train/metal/metal_0258.jpg
train,metal,data/raw/dataset-resized/metal/metal73.jpg,data/processed/train/metal/metal_0259.jpg
train,metal,data/raw/dataset-resized/metal/metal29.jpg,data/processed/train/metal/metal_0260.jpg
train,metal,data/raw/dataset-resized/metal/metal311.jpg,data/processed/train/metal/metal_0261.jpg
train,metal,data/raw/dataset-resized/metal/metal1.jpg,data/processed/train/metal/metal_0262.jpg
train,metal,data/raw/dataset-resized/metal/metal376.jpg,data/processed/train/metal/metal_0263.jpg
train,metal,data/raw/dataset-resized/metal/metal152.jpg,data/processed/train/metal/metal_0264.jpg
train,metal,data/raw/dataset-resized/metal/metal368.jpg,data/processed/train/metal/metal_0265.jpg
train,metal,data/raw/dataset-resized/metal/metal82.jpg,data/processed/train/metal/metal_0266.jpg
train,metal,data/raw/dataset-resized/metal/metal244.jpg,data/processed/train/metal/metal_0267.jpg
train,metal,data/raw/dataset-resized/metal/metal14.jpg,data/processed/train/metal/metal_0268.jpg
train,metal,data/raw/dataset-resized/metal/metal399.jpg,data/processed/train/metal/metal_0269.jpg
train,metal,data/raw/dataset-resized/metal/metal115.jpg,data/processed/train/metal/metal_0270.jpg
train,metal,data/raw/dataset-resized/metal/metal79.jpg,data/processed/train/metal/metal_0271.jpg
train,metal,data/raw/dataset-resized/metal/metal50.jpg,data/processed/train/metal/metal_0272.jpg
train,metal,data/raw/dataset-resized/metal/metal327.jpg,data/processed/train/metal/metal_0273.jpg
train,metal,data/raw/dataset-resized/metal/metal289.jpg,data/processed/train/metal/metal_0274.jpg
train,metal,data/raw/dataset-resized/metal/metal250.jpg,data/processed/train/metal/metal_0275.jpg
train,metal,data/raw/dataset-resized/metal/metal173.jpg,data/processed/train/metal/metal_0276.jpg
train,metal,data/raw/dataset-resized/metal/metal147.jpg,data/processed/train/metal/metal_0277.jpg
train,metal,data/raw/dataset-resized/metal/metal247.jpg,data/processed/train/metal/metal_0278.jpg
train,metal,data/raw/dataset-resized/metal/metal252.jpg,data/processed/train/metal/metal_0279.jpg
train,metal,data/raw/dataset-resized/metal/metal406.jpg,data/processed/train/metal/metal_0280.jpg
train,metal,data/raw/dataset-resized/metal/metal26.jpg,data/processed/train/metal/metal_0281.jpg
train,metal,data/raw/dataset-resized/metal/metal36.jpg,data/processed/train/metal/metal_0282.jpg
train,metal,data/raw/dataset-resized/metal/metal76.jpg,data/processed/train/metal/metal_0283.jpg
train,metal,data/raw/dataset-resized/metal/metal78.jpg,data/processed/train/metal/metal_0284.jpg
train,metal,data/raw/dataset-resized/metal/metal30.jpg,data/processed/train/metal/metal_0285.jpg
train,metal,data/raw/dataset-resized/metal/metal182.jpg,data/processed/train/metal/metal_0286.jpg
train,paper,data/raw/dataset-resized/paper/paper591.jpg,data/processed/train/paper/paper_0001.jpg
train,paper,data/raw/dataset-resized/paper/paper51.jpg,data/processed/train/paper/paper_0002.jpg
train,paper,data/raw/dataset-resized/paper/paper417.jpg,data/processed/train/paper/paper_0003.jpg
train,paper,data/raw/dataset-resized/paper/paper246.jpg,data/processed/train/paper/paper_0004.jpg
train,paper,data/raw/dataset-resized/paper/paper1.jpg,data/processed/train/paper/paper_0005.jpg
train,paper,data/raw/dataset-resized/paper/paper233.jpg,data/processed/train/paper/paper_0006.jpg
train,paper,data/raw/dataset-resized/paper/paper181.jpg,data/processed/train/paper/paper_0007.jpg
train,paper,data/raw/dataset-resized/paper/paper449.jpg,data/processed/train/paper/paper_0008.jpg
train,paper,data/raw/dataset-resized/paper/paper209.jpg,data/processed/train/paper/paper_0009.jpg
train,paper,data/raw/dataset-resized/paper/paper105.jpg,data/processed/train/paper/paper_0010.jpg
train,paper,data/raw/dataset-resized/paper/paper361.jpg,data/processed/train/paper/paper_0011.jpg
train,paper,data/raw/dataset-resized/paper/paper578.jpg,data/processed/train/paper/paper_0012.jpg
train,paper,data/raw/dataset-resized/paper/paper251.jpg,data/processed/train/paper/paper_0013.jpg
train,paper,data/raw/dataset-resized/paper/paper89.jpg,data/processed/train/paper/paper_0014.jpg
train,paper,data/raw/dataset-resized/paper/paper443.jpg,data/processed/train/paper/paper_0015.jpg
train,paper,data/raw/dataset-resized/paper/paper592.jpg,data/processed/train/paper/paper_0016.jpg
train,paper,data/raw/dataset-resized/paper/paper537.jpg,data/processed/train/paper/paper_0017.jpg
train,paper,data/raw/dataset-resized/paper/paper420.jpg,data/processed/train/paper/paper_0018.jpg
train,paper,data/raw/dataset-resized/paper/paper24.jpg,data/processed/train/paper/paper_0019.jpg
train,paper,data/raw/dataset-resized/paper/paper583.jpg,data/processed/train/paper/paper_0020.jpg
train,paper,data/raw/dataset-resized/paper/paper385.jpg,data/processed/train/paper/paper_0021.jpg
train,paper,data/raw/dataset-resized/paper/paper213.jpg,data/processed/train/paper/paper_0022.jpg
train,paper,data/raw/dataset-resized/paper/paper10.jpg,data/processed/train/paper/paper_0023.jpg
train,paper,data/raw/dataset-resized/paper/paper554.jpg,data/processed/train/paper/paper_0024.jpg
train,paper,data/raw/dataset-resized/paper/paper556.jpg,data/processed/train/paper/paper_0025.jpg
train,paper,data/raw/dataset-resized/paper/paper507.jpg,data/processed/train/paper/paper_0026.jpg
train,paper,data/raw/dataset-resized/paper/paper424.jpg,data/processed/train/paper/paper_0027.jpg
train,paper,data/raw/dataset-resized/paper/paper104.jpg,data/processed/train/paper/paper_0028.jpg
train,paper,data/raw/dataset-resized/paper/paper523.jpg,data/processed/train/paper/paper_0029.jpg
train,paper,data/raw/dataset-resized/paper/paper103.jpg,data/processed/train/paper/paper_0030.jpg
train,paper,data/raw/dataset-resized/paper/paper522.jpg,data/processed/train/paper/paper_0031.jpg
train,paper,data/raw/dataset-resized/paper/paper146.jpg,data/processed/train/paper/paper_0032.jpg
train,paper,data/raw/dataset-resized/paper/paper411.jpg,data/processed/train/paper/paper_0033.jpg
train,paper,data/raw/dataset-resized/paper/paper92.jpg,data/processed/train/paper/paper_0034.jpg
train,paper,data/raw/dataset-resized/paper/paper526.jpg,data/processed/train/paper/paper_0035.jpg
train,paper,data/raw/dataset-resized/paper/paper61.jpg,data/processed/train/paper/paper_0036.jpg
train,paper,data/raw/dataset-resized/paper/paper347.jpg,data/processed/train/paper/paper_0037.jpg
train,paper,data/raw/dataset-resized/paper/paper336.jpg,data/processed/train/paper/paper_0038.jpg
train,paper,data/raw/dataset-resized/paper/paper412.jpg,data/processed/train/paper/paper_0039.jpg
train,paper,data/raw/dataset-resized/paper/paper70.jpg,data/processed/train/paper/paper_0040.jpg
train,paper,data/raw/dataset-resized/paper/paper179.jpg,data/processed/train/paper/paper_0041.jpg
train,paper,data/raw/dataset-resized/paper/paper352.jpg,data/processed/train/paper/paper_0042.jpg
train,paper,data/raw/dataset-resized/paper/paper467.jpg,data/processed/train/paper/paper_0043.jpg
train,paper,data/raw/dataset-resized/paper/paper257.jpg,data/processed/train/paper/paper_0044.jpg
train,paper,data/raw/dataset-resized/paper/paper464.jpg,data/processed/train/paper/paper_0045.jpg
train,paper,data/raw/dataset-resized/paper/paper280.jpg,data/processed/train/paper/paper_0046.jpg
train,paper,data/raw/dataset-resized/paper/paper152.jpg,data/processed/train/paper/paper_0047.jpg
train,paper,data/raw/dataset-resized/paper/paper186.jpg,data/processed/train/paper/paper_0048.jpg
train,paper,data/raw/dataset-resized/paper/paper237.jpg,data/processed/train/paper/paper_0049.jpg
train,paper,data/raw/dataset-resized/paper/paper590.jpg,data/processed/train/paper/paper_0050.jpg
train,paper,data/raw/dataset-resized/paper/paper160.jpg,data/processed/train/paper/paper_0051.jpg
train,paper,data/raw/dataset-resized/paper/paper371.jpg,data/processed/train/paper/paper_0052.jpg
train,paper,data/raw/dataset-resized/paper/paper265.jpg,data/processed/train/paper/paper_0053.jpg
train,paper,data/raw/dataset-resized/paper/paper56.jpg,data/processed/train/paper/paper_0054.jpg
train,paper,data/raw/dataset-resized/paper/paper47.jpg,data/processed/train/paper/paper_0055.jpg
train,paper,data/raw/dataset-resized/paper/paper194.jpg,data/processed/train/paper/paper_0056.jpg
train,paper,data/raw/dataset-resized/paper/paper309.jpg,data/processed/train/paper/paper_0057.jpg
train,paper,data/raw/dataset-resized/paper/paper150.jpg,data/processed/train/paper/paper_0058.jpg
train,paper,data/raw/dataset-resized/paper/paper579.jpg,data/processed/train/paper/paper_0059.jpg
train,paper,data/raw/dataset-resized/paper/paper210.jpg,data/processed/train/paper/paper_0060.jpg
train,paper,data/raw/dataset-resized/paper/paper484.jpg,data/processed/train/paper/paper_0061.jpg
train,paper,data/raw/dataset-resized/paper/paper430.jpg,data/processed/train/paper/paper_0062.jpg
train,paper,data/raw/dataset-resized/paper/paper55.jpg,data/processed/train/paper/paper_0063.jpg
train,paper,data/raw/dataset-resized/paper/paper395.jpg,data/processed/train/paper/paper_0064.jpg
train,paper,data/raw/dataset-resized/paper/paper321.jpg,data/processed/train/paper/paper_0065.jpg
train,paper,data/raw/dataset-resized/paper/paper195.jpg,data/processed/train/paper/paper_0066.jpg
train,paper,data/raw/dataset-resized/paper/paper477.jpg,data/processed/train/paper/paper_0067.jpg
train,paper,data/raw/dataset-resized/paper/paper239.jpg,data/processed/train/paper/paper_0068.jpg
train,paper,data/raw/dataset-resized/paper/paper172.jpg,data/processed/train/paper/paper_0069.jpg
train,paper,data/raw/dataset-resized/paper/paper102.jpg,data/processed/train/paper/paper_0070.jpg
train,paper,data/raw/dataset-resized/paper/paper496.jpg,data/processed/train/paper/paper_0071.jpg
train,paper,data/raw/dataset-resized/paper/paper161.jpg,data/processed/train/paper/paper_0072.jpg
train,paper,data/raw/dataset-resized/paper/paper593.jpg,data/processed/train/paper/paper_0073.jpg
train,paper,data/raw/dataset-resized/paper/paper11.jpg,data/processed/train/paper/paper_0074.jpg
train,paper,data/raw/dataset-resized/paper/paper568.jpg,data/processed/train/paper/paper_0075.jpg
train,paper,data/raw/dataset-resized/paper/paper403.jpg,data/processed/train/paper/paper_0076.jpg
train,paper,data/raw/dataset-resized/paper/paper80.jpg,data/processed/train/paper/paper_0077.jpg
train,paper,data/raw/dataset-resized/paper/paper544.jpg,data/processed/train/paper/paper_0078.jpg
train,paper,data/raw/dataset-resized/paper/paper531.jpg,data/processed/train/paper/paper_0079.jpg
train,paper,data/raw/dataset-resized/paper/paper306.jpg,data/processed/train/paper/paper_0080.jpg
train,paper,data/raw/dataset-resized/paper/paper326.jpg,data/processed/train/paper/paper_0081.jpg
train,paper,data/raw/dataset-resized/paper/paper571.jpg,data/processed/train/paper/paper_0082.jpg
train,paper,data/raw/dataset-resized/paper/paper327.jpg,data/processed/train/paper/paper_0083.jpg
train,paper,data/raw/dataset-resized/paper/paper252.jpg,data/processed/train/paper/paper_0084.jpg
train,paper,data/raw/dataset-resized/paper/paper192.jpg,data/processed/train/paper/paper_0085.jpg
train,paper,data/raw/dataset-resized/paper/paper71.jpg,data/processed/train/paper/paper_0086.jpg
train,paper,data/raw/dataset-resized/paper/paper569.jpg,data/processed/train/paper/paper_0087.jpg
train,paper,data/raw/dataset-resized/paper/paper407.jpg,data/processed/train/paper/paper_0088.jpg
train,paper,data/raw/dataset-resized/paper/paper34.jpg,data/processed/train/paper/paper_0089.jpg
train,paper,data/raw/dataset-resized/paper/paper148.jpg,data/processed/train/paper/paper_0090.jpg
train,paper,data/raw/dataset-resized/paper/paper187.jpg,data/processed/train/paper/paper_0091.jpg
train,paper,data/raw/dataset-resized/paper/paper19.jpg,data/processed/train/paper/paper_0092.jpg
train,paper,data/raw/dataset-resized/paper/paper109.jpg,data/processed/train/paper/paper_0093.jpg
train,paper,data/raw/dataset-resized/paper/paper16.jpg,data/processed/train/paper/paper_0094.jpg
train,paper,data/raw/dataset-resized/paper/paper324.jpg,data/processed/train/paper/paper_0095.jpg
train,paper,data/raw/dataset-resized/paper/paper28.jpg,data/processed/train/paper/paper_0096.jpg
train,paper,data/raw/dataset-resized/paper/paper377.jpg,data/processed/train/paper/paper_0097.jpg
train,paper,data/raw/dataset-resized/paper/paper218.jpg,data/processed/train/paper/paper_0098.jpg
train,paper,data/raw/dataset-resized/paper/paper196.jpg,data/processed/train/paper/paper_0099.jpg
train,paper,data/raw/dataset-resized/paper/paper253.jpg,data/processed/train/paper/paper_0100.jpg
train,paper,data/raw/dataset-resized/paper/paper413.jpg,data/processed/train/paper/paper_0101.jpg
train,paper,data/raw/dataset-resized/paper/paper276.jpg,data/processed/train/paper/paper_0102.jpg
train,paper,data/raw/dataset-resized/paper/paper163.jpg,data/processed/train/paper/paper_0103.jpg
train,paper,data/raw/dataset-resized/paper/paper8.jpg,data/processed/train/paper/paper_0104.jpg
train,paper,data/raw/dataset-resized/paper/paper35.jpg,data/processed/train/paper/paper_0105.jpg
train,paper,data/raw/dataset-resized/paper/paper263.jpg,data/processed/train/paper/paper_0106.jpg
train,paper,data/raw/dataset-resized/paper/paper168.jpg,data/processed/train/paper/paper_0107.jpg
train,paper,data/raw/dataset-resized/paper/paper217.jpg,data/processed/train/paper/paper_0108.jpg
train,paper,data/raw/dataset-resized/paper/paper474.jpg,data/processed/train/paper/paper_0109.jpg
train,paper,data/raw/dataset-resized/paper/paper489.jpg,data/processed/train/paper/paper_0110.jpg
train,paper,data/raw/dataset-resized/paper/paper304.jpg,data/processed/train/paper/paper_0111.jpg
train,paper,data/raw/dataset-resized/paper/paper174.jpg,data/processed/train/paper/paper_0112.jpg
train,paper,data/raw/dataset-resized/paper/paper549.jpg,data/processed/train/paper/paper_0113.jpg
train,paper,data/raw/dataset-resized/paper/paper444.jpg,data/processed/train/paper/paper_0114.jpg
train,paper,data/raw/dataset-resized/paper/paper91.jpg,data/processed/train/paper/paper_0115.jpg
train,paper,data/raw/dataset-resized/paper/paper21.jpg,data/processed/train/paper/paper_0116.jpg
train,paper,data/raw/dataset-resized/paper/paper166.jpg,data/processed/train/paper/paper_0117.jpg
train,paper,data/raw/dataset-resized/paper/paper346.jpg,data/processed/train/paper/paper_0118.jpg
train,paper,data/raw/dataset-resized/paper/paper137.jpg,data/processed/train/paper/paper_0119.jpg
train,paper,data/raw/dataset-resized/paper/paper254.jpg,data/processed/train/paper/paper_0120.jpg
train,paper,data/raw/dataset-resized/paper/paper7.jpg,data/processed/train/paper/paper_0121.jpg
train,paper,data/raw/dataset-resized/paper/paper515.jpg,data/processed/train/paper/paper_0122.jpg
train,paper,data/raw/dataset-resized/paper/paper483.jpg,data/processed/train/paper/paper_0123.jpg
train,paper,data/raw/dataset-resized/paper/paper398.jpg,data/processed/train/paper/paper_0124.jpg
train,paper,data/raw/dataset-resized/paper/paper198.jpg,data/processed/train/paper/paper_0125.jpg
train,paper,data/raw/dataset-resized/paper/paper492.jpg,data/processed/train/paper/paper_0126.jpg
train,paper,data/raw/dataset-resized/paper/paper545.jpg,data/processed/train/paper/paper_0127.jpg
train,paper,data/raw/dataset-resized/paper/paper222.jpg,data/processed/train/paper/paper_0128.jpg
train,paper,data/raw/dataset-resized/paper/paper333.jpg,data/processed/train/paper/paper_0129.jpg
train,paper,data/raw/dataset-resized/paper/paper120.jpg,data/processed/train/paper/paper_0130.jpg
train,paper,data/raw/dataset-resized/paper/paper175.jpg,data/processed/train/paper/paper_0131.jpg
train,paper,data/raw/dataset-resized/paper/paper113.jpg,data/processed/train/paper/paper_0132.jpg
train,paper,data/raw/dataset-resized/paper/paper73.jpg,data/processed/train/paper/paper_0133.jpg
train,paper,data/raw/dataset-resized/paper/paper42.jpg,data/processed/train/paper/paper_0134.jpg
train,paper,data/raw/dataset-resized/paper/paper468.jpg,data/processed/train/paper/paper_0135.jpg
train,paper,data/raw/dataset-resized/paper/paper428.jpg,data/processed/train/paper/paper_0136.jpg
train,paper,data/raw/dataset-resized/paper/paper74.jpg,data/processed/train/paper/paper_0137.jpg
train,paper,data/raw/dataset-resized/paper/paper404.jpg,data/processed/train/paper/paper_0138.jpg
train,paper,data/raw/dataset-resized/paper/paper185.jpg,data/processed/train/paper/paper_0139.jpg
train,paper,data/raw/dataset-resized/paper/paper581.jpg,data/processed/train/paper/paper_0140.jpg
train,paper,data/raw/dataset-resized/paper/paper135.jpg,data/processed/train/paper/paper_0141.jpg
train,paper,data/raw/dataset-resized/paper/paper566.jpg,data/processed/train/paper/paper_0142.jpg
train,paper,data/raw/dataset-resized/paper/paper381.jpg,data/processed/train/paper/paper_0143.jpg
train,paper,data/raw/dataset-resized/paper/paper9.jpg,data/processed/train/paper/paper_0144.jpg
train,paper,data/raw/dataset-resized/paper/paper470.jpg,data/processed/train/paper/paper_0145.jpg
train,paper,data/raw/dataset-resized/paper/paper156.jpg,data/processed/train/paper/paper_0146.jpg
train,paper,data/raw/dataset-resized/paper/paper419.jpg,data/processed/train/paper/paper_0147.jpg
train,paper,data/raw/dataset-resized/paper/paper423.jpg,data/processed/train/paper/paper_0148.jpg
train,paper,data/raw/dataset-resized/paper/paper380.jpg,data/processed/train/paper/paper_0149.jpg
train,paper,data/raw/dataset-resized/paper/paper345.jpg,data/processed/train/paper/paper_0150.jpg
train,paper,data/raw/dataset-resized/paper/paper94.jpg,data/processed/train/paper/paper_0151.jpg
train,paper,data/raw/dataset-resized/paper/paper559.jpg,data/processed/train/paper/paper_0152.jpg
train,paper,data/raw/dataset-resized/paper/paper268.jpg,data/processed/train/paper/paper_0153.jpg
train,paper,data/raw/dataset-resized/paper/paper529.jpg,data/processed/train/paper/paper_0154.jpg
train,paper,data/raw/dataset-resized/paper/paper521.jpg,data/processed/train/paper/paper_0155.jpg
train,paper,data/raw/dataset-resized/paper/paper576.jpg,data/processed/train/paper/paper_0156.jpg
train,paper,data/raw/dataset-resized/paper/paper557.jpg,data/processed/train/paper/paper_0157.jpg
train,paper,data/raw/dataset-resized/paper/paper446.jpg,data/processed/train/paper/paper_0158.jpg
train,paper,data/raw/dataset-resized/paper/paper500.jpg,data/processed/train/paper/paper_0159.jpg
train,paper,data/raw/dataset-resized/paper/paper87.jpg,data/processed/train/paper/paper_0160.jpg
train,paper,data/raw/dataset-resized/paper/paper230.jpg,data/processed/train/paper/paper_0161.jpg
train,paper,data/raw/dataset-resized/paper/paper259.jpg,data/processed/train/paper/paper_0162.jpg
train,paper,data/raw/dataset-resized/paper/paper334.jpg,data/processed/train/paper/paper_0163.jpg
train,paper,data/raw/dataset-resized/paper/paper226.jpg,data/processed/train/paper/paper_0164.jpg
train,paper,data/raw/dataset-resized/paper/paper366.jpg,data/processed/train/paper/paper_0165.jpg
train,paper,data/raw/dataset-resized/paper/paper564.jpg,data/processed/train/paper/paper_0166.jpg
train,paper,data/raw/dataset-resized/paper/paper188.jpg,data/processed/train/paper/paper_0167.jpg
train,paper,data/raw/dataset-resized/paper/paper348.jpg,data/processed/train/paper/paper_0168.jpg
train,paper,data/raw/dataset-resized/paper/paper236.jpg,data/processed/train/paper/paper_0169.jpg
train,paper,data/raw/dataset-resized/paper/paper504.jpg,data/processed/train/paper/paper_0170.jpg
train,paper,data/raw/dataset-resized/paper/paper368.jpg,data/processed/train/paper/paper_0171.jpg
train,paper,data/raw/dataset-resized/paper/paper301.jpg,data/processed/train/paper/paper_0172.jpg
train,paper,data/raw/dataset-resized/paper/paper482.jpg,data/processed/train/paper/paper_0173.jpg
train,paper,data/raw/dataset-resized/paper/paper409.jpg,data/processed/train/paper/paper_0174.jpg
train,paper,data/raw/dataset-resized/paper/paper184.jpg,data/processed/train/paper/paper_0175.jpg
train,paper,data/raw/dataset-resized/paper/paper264.jpg,data/processed/train/paper/paper_0176.jpg
train,paper,data/raw/dataset-resized/paper/paper490.jpg,data/processed/train/paper/paper_0177.jpg
train,paper,data/raw/dataset-resized/paper/paper502.jpg,data/processed/train/paper/paper_0178.jpg
train,paper,data/raw/dataset-resized/paper/paper285.jpg,data/processed/train/paper/paper_0179.jpg
train,paper,data/raw/dataset-resized/paper/paper319.jpg,data/processed/train/paper/paper_0180.jpg
train,paper,data/raw/dataset-resized/paper/paper115.jpg,data/processed/train/paper/paper_0181.jpg
train,paper,data/raw/dataset-resized/paper/paper215.jpg,data/processed/train/paper/paper_0182.jpg
train,paper,data/raw/dataset-resized/paper/paper180.jpg,data/processed/train/paper/paper_0183.jpg
train,paper,data/raw/dataset-resized/paper/paper416.jpg,data/processed/train/paper/paper_0184.jpg
train,paper,data/raw/dataset-resized/paper/paper57.jpg,data/processed/train/paper/paper_0185.jpg
train,paper,data/raw/dataset-resized/paper/paper392.jpg,data/processed/train/paper/paper_0186.jpg
train,paper,data/raw/dataset-resized/paper/paper169.jpg,data/processed/train/paper/paper_0187.jpg
train,paper,data/raw/dataset-resized/paper/paper244.jpg,data/processed/train/paper/paper_0188.jpg
train,paper,data/raw/dataset-resized/paper/paper536.jpg,data/processed/train/paper/paper_0189.jpg
train,paper,data/raw/dataset-resized/paper/paper207.jpg,data/processed/train/paper/paper_0190.jpg
train,paper,data/raw/dataset-resized/paper/paper114.jpg,data/processed/train/paper/paper_0191.jpg
train,paper,data/raw/dataset-resized/paper/paper367.jpg,data/processed/train/paper/paper_0192.jpg
train,paper,data/raw/dataset-resized/paper/paper78.jpg,data/processed/train/paper/paper_0193.jpg
train,paper,data/raw/dataset-resized/paper/paper388.jpg,data/processed/train/paper/paper_0194.jpg
train,paper,data/raw/dataset-resized/paper/paper300.jpg,data/processed/train/paper/paper_0195.jpg
train,paper,data/raw/dataset-resized/paper/paper173.jpg,data/processed/train/paper/paper_0196.jpg
train,paper,data/raw/dataset-resized/paper/paper394.jpg,data/processed/train/paper/paper_0197.jpg
train,paper,data/raw/dataset-resized/paper/paper497.jpg,data/processed/train/paper/paper_0198.jpg
train,paper,data/raw/dataset-resized/paper/paper511.jpg,data/processed/train/paper/paper_0199.jpg
train,paper,data/raw/dataset-resized/paper/paper479.jpg,data/processed/train/paper/paper_0200.jpg
train,paper,data/raw/dataset-resized/paper/paper397.jpg,data/processed/train/paper/paper_0201.jpg
train,paper,data/raw/dataset-resized/paper/paper532.jpg,data/processed/train/paper/paper_0202.jpg
train,paper,data/raw/dataset-resized/paper/paper337.jpg,data/processed/train/paper/paper_0203.jpg
train,paper,data/raw/dataset-resized/paper/paper338.jpg,data/processed/train/paper/paper_0204.jpg
train,paper,data/raw/dataset-resized/paper/paper229.jpg,data/processed/train/paper/paper_0205.jpg
train,paper,data/raw/dataset-resized/paper/paper273.jpg,data/processed/train/paper/paper_0206.jpg
train,paper,data/raw/dataset-resized/paper/paper75.jpg,data/processed/train/paper/paper_0207.jpg
train,paper,data/raw/dataset-resized/paper/paper96.jpg,data/processed/train/paper/paper_0208.jpg
train,paper,data/raw/dataset-resized/paper/paper93.jpg,data/processed/train/paper/paper_0209.jpg
train,paper,data/raw/dataset-resized/paper/paper277.jpg,data/processed/train/paper/paper_0210.jpg
train,paper,data/raw/dataset-resized/paper/paper349.jpg,data/processed/train/paper/paper_0211.jpg
train,paper,data/raw/dataset-resized/paper/paper312.jpg,data/processed/train/paper/paper_0212.jpg
train,paper,data/raw/dataset-resized/paper/paper425.jpg,data/processed/train/paper/paper_0213.jpg
train,paper,data/raw/dataset-resized/paper/paper399.jpg,data/processed/train/paper/paper_0214.jpg
train,paper,data/raw/dataset-resized/paper/paper503.jpg,data/processed/train/paper/paper_0215.jpg
train,paper,data/raw/dataset-resized/paper/paper456.jpg,data/processed/train/paper/paper_0216.jpg
train,paper,data/raw/dataset-resized/paper/paper362.jpg,data/processed/train/paper/paper_0217.jpg
train,paper,data/raw/dataset-resized/paper/paper139.jpg,data/processed/train/paper/paper_0218.jpg
train,paper,data/raw/dataset-resized/paper/paper494.jpg,data/processed/train/paper/paper_0219.jpg
train,paper,data/raw/dataset-resized/paper/paper158.jpg,data/processed/train/paper/paper_0220.jpg
train,paper,data/raw/dataset-resized/paper/paper329.jpg,data/processed/train/paper/paper_0221.jpg
train,paper,data/raw/dataset-resized/paper/paper39.jpg,data/processed/train/paper/paper_0222.jpg
train,paper,data/raw/dataset-resized/paper/paper153.jpg,data/processed/train/paper/paper_0223.jpg
train,paper,data/raw/dataset-resized/paper/paper514.jpg,data/processed/train/paper/paper_0224.jpg
train,paper,data/raw/dataset-resized/paper/paper287.jpg,data/processed/train/paper/paper_0225.jpg
train,paper,data/raw/dataset-resized/paper/paper555.jpg,data/processed/train/paper/paper_0226.jpg
train,paper,data/raw/dataset-resized/paper/paper288.jpg,data/processed/train/paper/paper_0227.jpg
train,paper,data/raw/dataset-resized/paper/paper267.jpg,data/processed/train/paper/paper_0228.jpg
train,paper,data/raw/dataset-resized/paper/paper543.jpg,data/processed/train/paper/paper_0229.jpg
train,paper,data/raw/dataset-resized/paper/paper488.jpg,data/processed/train/paper/paper_0230.jpg
train,paper,data/raw/dataset-resized/paper/paper278.jpg,data/processed/train/paper/paper_0231.jpg
train,paper,data/raw/dataset-resized/paper/paper558.jpg,data/processed/train/paper/paper_0232.jpg
train,paper,data/raw/dataset-resized/paper/paper311.jpg,data/processed/train/paper/paper_0233.jpg
train,paper,data/raw/dataset-resized/paper/paper552.jpg,data/processed/train/paper/paper_0234.jpg
train,paper,data/raw/dataset-resized/paper/paper125.jpg,data/processed/train/paper/paper_0235.jpg
train,paper,data/raw/dataset-resized/paper/paper245.jpg,data/processed/train/paper/paper_0236.jpg
train,paper,data/raw/dataset-resized/paper/paper452.jpg,data/processed/train/paper/paper_0237.jpg
train,paper,data/raw/dataset-resized/paper/paper116.jpg,data/processed/train/paper/paper_0238.jpg
train,paper,data/raw/dataset-resized/paper/paper390.jpg,data/processed/train/paper/paper_0239.jpg
train,paper,data/raw/dataset-resized/paper/paper279.jpg,data/processed/train/paper/paper_0240.jpg
train,paper,data/raw/dataset-resized/paper/paper176.jpg,data/processed/train/paper/paper_0241.jpg
train,paper,data/raw/dataset-resized/paper/paper54.jpg,data/processed/train/paper/paper_0242.jpg
train,paper,data/raw/dataset-resized/paper/paper177.jpg,data/processed/train/paper/paper_0243.jpg
train,paper,data/raw/dataset-resized/paper/paper46.jpg,data/processed/train/paper/paper_0244.jpg
train,paper,data/raw/dataset-resized/paper/paper389.jpg,data/processed/train/paper/paper_0245.jpg
train,paper,data/raw/dataset-resized/paper/paper97.jpg,data/processed/train/paper/paper_0246.jpg
train,paper,data/raw/dataset-resized/paper/paper59.jpg,data/processed/train/paper/paper_0247.jpg
train,paper,data/raw/dataset-resized/paper/paper117.jpg,data/processed/train/paper/paper_0248.jpg
train,paper,data/raw/dataset-resized/paper/paper561.jpg,data/processed/train/paper/paper_0249.jpg
train,paper,data/raw/dataset-resized/paper/paper191.jpg,data/processed/train/paper/paper_0250.jpg
train,paper,data/raw/dataset-resized/paper/paper53.jpg,data/processed/train/paper/paper_0251.jpg
train,paper,data/raw/dataset-resized/paper/paper2.jpg,data/processed/train/paper/paper_0252.jpg
train,paper,data/raw/dataset-resized/paper/paper451.jpg,data/processed/train/paper/paper_0253.jpg
train,paper,data/raw/dataset-resized/paper/paper123.jpg,data/processed/train/paper/paper_0254.jpg
train,paper,data/raw/dataset-resized/paper/paper447.jpg,data/processed/train/paper/paper_0255.jpg
train,paper,data/raw/dataset-resized/paper/paper350.jpg,data/processed/train/paper/paper_0256.jpg
train,paper,data/raw/dataset-resized/paper/paper14.jpg,data/processed/train/paper/paper_0257.jpg
train,paper,data/raw/dataset-resized/paper/paper541.jpg,data/processed/train/paper/paper_0258.jpg
train,paper,data/raw/dataset-resized/paper/paper98.jpg,data/processed/train/paper/paper_0259.jpg
train,paper,data/raw/dataset-resized/paper/paper178.jpg,data/processed/train/paper/paper_0260.jpg
train,paper,data/raw/dataset-resized/paper/paper393.jpg,data/processed/train/paper/paper_0261.jpg
train,paper,data/raw/dataset-resized/paper/paper108.jpg,data/processed/train/paper/paper_0262.jpg
train,paper,data/raw/dataset-resized/paper/paper528.jpg,data/processed/train/paper/paper_0263.jpg
train,paper,data/raw/dataset-resized/paper/paper375.jpg,data/processed/train/paper/paper_0264.jpg
train,paper,data/raw/dataset-resized/paper/paper359.jpg,data/processed/train/paper/paper_0265.jpg
train,paper,data/raw/dataset-resized/paper/paper291.jpg,data/processed/train/paper/paper_0266.jpg
train,paper,data/raw/dataset-resized/paper/paper286.jpg,data/processed/train/paper/paper_0267.jpg
train,paper,data/raw/dataset-resized/paper/paper426.jpg,data/processed/train/paper/paper_0268.jpg
train,paper,data/raw/dataset-resized/paper/paper473.jpg,data/processed/train/paper/paper_0269.jpg
train,paper,data/raw/dataset-resized/paper/paper134.jpg,data/processed/train/paper/paper_0270.jpg
train,paper,data/raw/dataset-resized/paper/paper310.jpg,data/processed/train/paper/paper_0271.jpg
train,paper,data/raw/dataset-resized/paper/paper107.jpg,data/processed/train/paper/paper_0272.jpg
train,paper,data/raw/dataset-resized/paper/paper30.jpg,data/processed/train/paper/paper_0273.jpg
train,paper,data/raw/dataset-resized/paper/paper58.jpg,data/processed/train/paper/paper_0274.jpg
train,paper,data/raw/dataset-resized/paper/paper282.jpg,data/processed/train/paper/paper_0275.jpg
train,paper,data/raw/dataset-resized/paper/paper131.jpg,data/processed/train/paper/paper_0276.jpg
train,paper,data/raw/dataset-resized/paper/paper45.jpg,data/processed/train/paper/paper_0277.jpg
train,paper,data/raw/dataset-resized/paper/paper565.jpg,data/processed/train/paper/paper_0278.jpg
train,paper,data/raw/dataset-resized/paper/paper204.jpg,data/processed/train/paper/paper_0279.jpg
train,paper,data/raw/dataset-resized/paper/paper344.jpg,data/processed/train/paper/paper_0280.jpg
train,paper,data/raw/dataset-resized/paper/paper584.jpg,data/processed/train/paper/paper_0281.jpg
train,paper,data/raw/dataset-resized/paper/paper459.jpg,data/processed/train/paper/paper_0282.jpg
train,paper,data/raw/dataset-resized/paper/paper76.jpg,data/processed/train/paper/paper_0283.jpg
train,paper,data/raw/dataset-resized/paper/paper373.jpg,data/processed/train/paper/paper_0284.jpg
train,paper,data/raw/dataset-resized/paper/paper328.jpg,data/processed/train/paper/paper_0285.jpg
train,paper,data/raw/dataset-resized/paper/paper364.jpg,data/processed/train/paper/paper_0286.jpg
train,paper,data/raw/dataset-resized/paper/paper154.jpg,data/processed/train/paper/paper_0287.jpg
train,paper,data/raw/dataset-resized/paper/paper25.jpg,data/processed/train/paper/paper_0288.jpg
train,paper,data/raw/dataset-resized/paper/paper567.jpg,data/processed/train/paper/paper_0289.jpg
train,paper,data/raw/dataset-resized/paper/paper471.jpg,data/processed/train/paper/paper_0290.jpg
train,paper,data/raw/dataset-resized/paper/paper574.jpg,data/processed/train/paper/paper_0291.jpg
train,paper,data/raw/dataset-resized/paper/paper589.jpg,data/processed/train/paper/paper_0292.jpg
train,paper,data/raw/dataset-resized/paper/paper83.jpg,data/processed/train/paper/paper_0293.jpg
train,paper,data/raw/dataset-resized/paper/paper193.jpg,data/processed/train/paper/paper_0294.jpg
train,paper,data/raw/dataset-resized/paper/paper410.jpg,data/processed/train/paper/paper_0295.jpg
train,paper,data/raw/dataset-resized/paper/paper124.jpg,data/processed/train/paper/paper_0296.jpg
train,paper,data/raw/dataset-resized/paper/paper281.jpg,data/processed/train/paper/paper_0297.jpg
train,paper,data/raw/dataset-resized/paper/paper563.jpg,data/processed/train/paper/paper_0298.jpg
train,paper,data/raw/dataset-resized/paper/paper12.jpg,data/processed/train/paper/paper_0299.jpg
train,paper,data/raw/dataset-resized/paper/paper240.jpg,data/processed/train/paper/paper_0300.jpg
train,paper,data/raw/dataset-resized/paper/paper548.jpg,data/processed/train/paper/paper_0301.jpg
train,paper,data/raw/dataset-resized/paper/paper577.jpg,data/processed/train/paper/paper_0302.jpg
train,paper,data/raw/dataset-resized/paper/paper23.jpg,data/processed/train/paper/paper_0303.jpg
train,paper,data/raw/dataset-resized/paper/paper15.jpg,data/processed/train/paper/paper_0304.jpg
train,paper,data/raw/dataset-resized/paper/paper485.jpg,data/processed/train/paper/paper_0305.jpg
train,paper,data/raw/dataset-resized/paper/paper258.jpg,data/processed/train/paper/paper_0306.jpg
train,paper,data/raw/dataset-resized/paper/paper588.jpg,data/processed/train/paper/paper_0307.jpg
train,paper,data/raw/dataset-resized/paper/paper540.jpg,data/processed/train/paper/paper_0308.jpg
train,paper,data/raw/dataset-resized/paper/paper40.jpg,data/processed/train/paper/paper_0309.jpg
train,paper,data/raw/dataset-resized/paper/paper506.jpg,data/processed/train/paper/paper_0310.jpg
train,paper,data/raw/dataset-resized/paper/paper478.jpg,data/processed/train/paper/paper_0311.jpg
train,paper,data/raw/dataset-resized/paper/paper383.jpg,data/processed/train/paper/paper_0312.jpg
train,paper,data/raw/dataset-resized/paper/paper379.jpg,data/processed/train/paper/paper_0313.jpg
train,paper,data/raw/dataset-resized/paper/paper322.jpg,data/processed/train/paper/paper_0314.jpg
train,paper,data/raw/dataset-resized/paper/paper580.jpg,data/processed/train/paper/paper_0315.jpg
train,paper,data/raw/dataset-resized/paper/paper85.jpg,data/processed/train/paper/paper_0316.jpg
train,paper,data/raw/dataset-resized/paper/paper414.jpg,data/processed/train/paper/paper_0317.jpg
train,paper,data/raw/dataset-resized/paper/paper512.jpg,data/processed/train/paper/paper_0318.jpg
train,paper,data/raw/dataset-resized/paper/paper88.jpg,data/processed/train/paper/paper_0319.jpg
train,paper,data/raw/dataset-resized/paper/paper384.jpg,data/processed/train/paper/paper_0320.jpg
train,paper,data/raw/dataset-resized/paper/paper421.jpg,data/processed/train/paper/paper_0321.jpg
train,paper,data/raw/dataset-resized/paper/paper437.jpg,data/processed/train/paper/paper_0322.jpg
train,paper,data/raw/dataset-resized/paper/paper448.jpg,data/processed/train/paper/paper_0323.jpg
train,paper,data/raw/dataset-resized/paper/paper493.jpg,data/processed/train/paper/paper_0324.jpg
train,paper,data/raw/dataset-resized/paper/paper50.jpg,data/processed/train/paper/paper_0325.jpg
train,paper,data/raw/dataset-resized/paper/paper360.jpg,data/processed/train/paper/paper_0326.jpg
train,paper,data/raw/dataset-resized/paper/paper501.jpg,data/processed/train/paper/paper_0327.jpg
train,paper,data/raw/dataset-resized/paper/paper461.jpg,data/processed/train/paper/paper_0328.jpg
train,paper,data/raw/dataset-resized/paper/paper27.jpg,data/processed/train/paper/paper_0329.jpg
train,paper,data/raw/dataset-resized/paper/paper171.jpg,data/processed/train/paper/paper_0330.jpg
train,paper,data/raw/dataset-resized/paper/paper256.jpg,data/processed/train/paper/paper_0331.jpg
train,paper,data/raw/dataset-resized/paper/paper48.jpg,data/processed/train/paper/paper_0332.jpg
train,paper,data/raw/dataset-resized/paper/paper292.jpg,data/processed/train/paper/paper_0333.jpg
train,paper,data/raw/dataset-resized/paper/paper272.jpg,data/processed/train/paper/paper_0334.jpg
train,paper,data/raw/dataset-resized/paper/paper67.jpg,data/processed/train/paper/paper_0335.jpg
train,paper,data/raw/dataset-resized/paper/paper5.jpg,data/processed/train/paper/paper_0336.jpg
train,paper,data/raw/dataset-resized/paper/paper586.jpg,data/processed/train/paper/paper_0337.jpg
train,paper,data/raw/dataset-resized/paper/paper524.jpg,data/processed/train/paper/paper_0338.jpg
train,paper,data/raw/dataset-resized/paper/paper505.jpg,data/processed/train/paper/paper_0339.jpg
train,paper,data/raw/dataset-resized/paper/paper164.jpg,data/processed/train/paper/paper_0340.jpg
train,paper,data/raw/dataset-resized/paper/paper130.jpg,data/processed/train/paper/paper_0341.jpg
train,paper,data/raw/dataset-resized/paper/paper520.jpg,data/processed/train/paper/paper_0342.jpg
train,paper,data/raw/dataset-resized/paper/paper418.jpg,data/processed/train/paper/paper_0343.jpg
train,paper,data/raw/dataset-resized/paper/paper36.jpg,data/processed/train/paper/paper_0344.jpg
train,paper,data/raw/dataset-resized/paper/paper165.jpg,data/processed/train/paper/paper_0345.jpg
train,paper,data/raw/dataset-resized/paper/paper469.jpg,data/processed/train/paper/paper_0346.jpg
train,paper,data/raw/dataset-resized/paper/paper101.jpg,data/processed/train/paper/paper_0347.jpg
train,paper,data/raw/dataset-resized/paper/paper432.jpg,data/processed/train/paper/paper_0348.jpg
train,paper,data/raw/dataset-resized/paper/paper65.jpg,data/processed/train/paper/paper_0349.jpg
train,paper,data/raw/dataset-resized/paper/paper66.jpg,data/processed/train/paper/paper_0350.jpg
train,paper,data/raw/dataset-resized/paper/paper224.jpg,data/processed/train/paper/paper_0351.jpg
train,paper,data/raw/dataset-resized/paper/paper182.jpg,data/processed/train/paper/paper_0352.jpg
train,paper,data/raw/dataset-resized/paper/paper99.jpg,data/processed/train/paper/paper_0353.jpg
train,paper,data/raw/dataset-resized/paper/paper221.jpg,data/processed/train/paper/paper_0354.jpg
train,paper,data/raw/dataset-resized/paper/paper436.jpg,data/processed/train/paper/paper_0355.jpg
train,paper,data/raw/dataset-resized/paper/paper510.jpg,data/processed/train/paper/paper_0356.jpg
train,paper,data/raw/dataset-resized/paper/paper110.jpg,data/processed/train/paper/paper_0357.jpg
train,paper,data/raw/dataset-resized/paper/paper356.jpg,data/processed/train/paper/paper_0358.jpg
train,paper,data/raw/dataset-resized/paper/paper525.jpg,data/processed/train/paper/paper_0359.jpg
train,paper,data/raw/dataset-resized/paper/paper41.jpg,data/processed/train/paper/paper_0360.jpg
train,paper,data/raw/dataset-resized/paper/paper534.jpg,data/processed/train/paper/paper_0361.jpg
train,paper,data/raw/dataset-resized/paper/paper386.jpg,data/processed/train/paper/paper_0362.jpg
train,paper,data/raw/dataset-resized/paper/paper454.jpg,data/processed/train/paper/paper_0363.jpg
train,paper,data/raw/dataset-resized/paper/paper297.jpg,data/processed/train/paper/paper_0364.jpg
train,paper,data/raw/dataset-resized/paper/paper202.jpg,data/processed/train/paper/paper_0365.jpg
train,paper,data/raw/dataset-resized/paper/paper363.jpg,data/processed/train/paper/paper_0366.jpg
train,paper,data/raw/dataset-resized/paper/paper227.jpg,data/processed/train/paper/paper_0367.jpg
train,paper,data/raw/dataset-resized/paper/paper491.jpg,data/processed/train/paper/paper_0368.jpg
train,paper,data/raw/dataset-resized/paper/paper269.jpg,data/processed/train/paper/paper_0369.jpg
train,paper,data/raw/dataset-resized/paper/paper542.jpg,data/processed/train/paper/paper_0370.jpg
train,paper,data/raw/dataset-resized/paper/paper260.jpg,data/processed/train/paper/paper_0371.jpg
train,paper,data/raw/dataset-resized/paper/paper530.jpg,data/processed/train/paper/paper_0372.jpg
train,paper,data/raw/dataset-resized/paper/paper201.jpg,data/processed/train/paper/paper_0373.jpg
train,paper,data/raw/dataset-resized/paper/paper320.jpg,data/processed/train/paper/paper_0374.jpg
train,paper,data/raw/dataset-resized/paper/paper570.jpg,data/processed/train/paper/paper_0375.jpg
train,paper,data/raw/dataset-resized/paper/paper170.jpg,data/processed/train/paper/paper_0376.jpg
train,paper,data/raw/dataset-resized/paper/paper197.jpg,data/processed/train/paper/paper_0377.jpg
train,paper,data/raw/dataset-resized/paper/paper332.jpg,data/processed/train/paper/paper_0378.jpg
train,paper,data/raw/dataset-resized/paper/paper365.jpg,data/processed/train/paper/paper_0379.jpg
train,paper,data/raw/dataset-resized/paper/paper147.jpg,data/processed/train/paper/paper_0380.jpg
train,paper,data/raw/dataset-resized/paper/paper261.jpg,data/processed/train/paper/paper_0381.jpg
train,paper,data/raw/dataset-resized/paper/paper242.jpg,data/processed/train/paper/paper_0382.jpg
train,paper,data/raw/dataset-resized/paper/paper376.jpg,data/processed/train/paper/paper_0383.jpg
train,paper,data/raw/dataset-resized/paper/paper231.jpg,data/processed/train/paper/paper_0384.jpg
train,paper,data/raw/dataset-resized/paper/paper551.jpg,data/processed/train/paper/paper_0385.jpg
train,paper,data/raw/dataset-resized/paper/paper487.jpg,data/processed/train/paper/paper_0386.jpg
train,paper,data/raw/dataset-resized/paper/paper294.jpg,data/processed/train/paper/paper_0387.jpg
train,paper,data/raw/dataset-resized/paper/paper445.jpg,data/processed/train/paper/paper_0388.jpg
train,paper,data/raw/dataset-resized/paper/paper472.jpg,data/processed/train/paper/paper_0389.jpg
train,paper,data/raw/dataset-resized/paper/paper262.jpg,data/processed/train/paper/paper_0390.jpg
train,paper,data/raw/dataset-resized/paper/paper575.jpg,data/processed/train/paper/paper_0391.jpg
train,paper,data/raw/dataset-resized/paper/paper587.jpg,data/processed/train/paper/paper_0392.jpg
train,paper,data/raw/dataset-resized/paper/paper408.jpg,data/processed/train/paper/paper_0393.jpg
train,paper,data/raw/dataset-resized/paper/paper250.jpg,data/processed/train/paper/paper_0394.jpg
train,paper,data/raw/dataset-resized/paper/paper455.jpg,data/processed/train/paper/paper_0395.jpg
train,paper,data/raw/dataset-resized/paper/paper358.jpg,data/processed/train/paper/paper_0396.jpg
train,paper,data/raw/dataset-resized/paper/paper37.jpg,data/processed/train/paper/paper_0397.jpg
train,paper,data/raw/dataset-resized/paper/paper126.jpg,data/processed/train/paper/paper_0398.jpg
train,paper,data/raw/dataset-resized/paper/paper355.jpg,data/processed/train/paper/paper_0399.jpg
train,paper,data/raw/dataset-resized/paper/paper159.jpg,data/processed/train/paper/paper_0400.jpg
train,paper,data/raw/dataset-resized/paper/paper270.jpg,data/processed/train/paper/paper_0401.jpg
train,paper,data/raw/dataset-resized/paper/paper44.jpg,data/processed/train/paper/paper_0402.jpg
train,paper,data/raw/dataset-resized/paper/paper546.jpg,data/processed/train/paper/paper_0403.jpg
train,paper,data/raw/dataset-resized/paper/paper143.jpg,data/processed/train/paper/paper_0404.jpg
train,paper,data/raw/dataset-resized/paper/paper572.jpg,data/processed/train/paper/paper_0405.jpg
train,paper,data/raw/dataset-resized/paper/paper141.jpg,data/processed/train/paper/paper_0406.jpg
train,paper,data/raw/dataset-resized/paper/paper138.jpg,data/processed/train/paper/paper_0407.jpg
train,paper,data/raw/dataset-resized/paper/paper79.jpg,data/processed/train/paper/paper_0408.jpg
train,paper,data/raw/dataset-resized/paper/paper13.jpg,data/processed/train/paper/paper_0409.jpg
train,paper,data/raw/dataset-resized/paper/paper317.jpg,data/processed/train/paper/paper_0410.jpg
train,paper,data/raw/dataset-resized/paper/paper519.jpg,data/processed/train/paper/paper_0411.jpg
train,paper,data/raw/dataset-resized/paper/paper17.jpg,data/processed/train/paper/paper_0412.jpg
train,paper,data/raw/dataset-resized/paper/paper271.jpg,data/processed/train/paper/paper_0413.jpg
train,paper,data/raw/dataset-resized/paper/paper216.jpg,data/processed/train/paper/paper_0414.jpg
train,paper,data/raw/dataset-resized/paper/paper405.jpg,data/processed/train/paper/paper_0415.jpg
train,plastic,data/raw/dataset-resized/plastic/plastic82.jpg,data/processed/train/plastic/plastic_0001.jpg
train,plastic,data/raw/dataset-resized/plastic/plastic46.jpg,data/processed/train/plastic/plastic_0002.jpg
train,plastic,data/raw/dataset-resized/plastic/plastic367.jpg,data/processed/train/plastic/plastic_0003.jpg
train,plastic,data/raw/dataset-resized/plastic/plastic66.jpg,data/processed/train/plastic/plastic_0004.jpg
train,plastic,data/raw/dataset-resized/plastic/plastic189.jpg,data/processed/train/plastic/plastic_0005.jpg
train,plastic,data/raw/dataset-resized/plastic/plastic370.jpg,data/processed/train/plastic/plastic_0006.jpg
train,plastic,data/raw/dataset-resized/plastic/plastic280.jpg,data/processed/train/plastic/plastic_0007.jpg
train,plastic,data/raw/dataset-resized/plastic/plastic415.jpg,data/processed/train/plastic/plastic_0008.jpg
train,plastic,data/raw/dataset-resized/plastic/plastic61.jpg,data/processed/train/plastic/plastic_0009.jpg
train,plastic,data/raw/dataset-resized/plastic/plastic198.jpg,data/processed/train/plastic/plastic_0010.jpg
train,plastic,data/raw/dataset-resized/plastic/plastic179.jpg,data/processed/train/plastic/plastic_0011.jpg
train,plastic,data/raw/dataset-resized/plastic/plastic103.jpg,data/processed/train/plastic/plastic_0012.jpg
train,plastic,data/raw/dataset-resized/plastic/plastic408.jpg,data/processed/train/plastic/plastic_0013.jpg
train,plastic,data/raw/dataset-resized/plastic/plastic400.jpg,data/processed/train/plastic/plastic_0014.jpg
train,plastic,data/raw/dataset-resized/plastic/plastic148.jpg,data/processed/train/plastic/plastic_0015.jpg
train,plastic,data/raw/dataset-resized/plastic/plastic65.jpg,data/processed/train/plastic/plastic_0016.jpg
train,plastic,data/raw/dataset-resized/plastic/plastic10.jpg,data/processed/train/plastic/plastic_0017.jpg
train,plastic,data/raw/dataset-resized/plastic/plastic59.jpg,data/processed/train/plastic/plastic_0018.jpg
train,plastic,data/raw/dataset-resized/plastic/plastic397.jpg,data/processed/train/plastic/plastic_0019.jpg
train,plastic,data/raw/dataset-resized/plastic/plastic458.jpg,data/processed/train/plastic/plastic_0020.jpg
train,plastic,data/raw/dataset-resized/plastic/plastic79.jpg,data/processed/train/plastic/plastic_0021.jpg
train,plastic,data/raw/dataset-resized/plastic/plastic97.jpg,data/processed/train/plastic/plastic_0022.jpg
train,plastic,data/raw/dataset-resized/plastic/plastic187.jpg,data/processed/train/plastic/plastic_0023.jpg
train,plastic,data/raw/dataset-resized/plastic/plastic380.jpg,data/processed/train/plastic/plastic_0024.jpg
train,plastic,data/raw/dataset-resized/plastic/plastic149.jpg,data/processed/train/plastic/plastic_0025.jpg
train,plastic,data/raw/dataset-resized/plastic/plastic229.jpg,data/processed/train/plastic/plastic_0026.jpg
train,plastic,data/raw/dataset-resized/plastic/plastic330.jpg,data/processed/train/plastic/plastic_0027.jpg
train,plastic,data/raw/dataset-resized/plastic/plastic176.jpg,data/processed/train/plastic/plastic_0028.jpg
train,plastic,data/raw/dataset-resized/plastic/plastic175.jpg,data/processed/train/plastic/plastic_0029.jpg
train,plastic,data/raw/dataset-resized/plastic/plastic24.jpg,data/processed/train/plastic/plastic_0030.jpg
train,plastic,data/raw/dataset-resized/plastic/plastic25.jpg,data/processed/train/plastic/plastic_0031.jpg
train,plastic,data/raw/dataset-resized/plastic/plastic327.jpg,data/processed/train/plastic/plastic_0032.jpg
train,plastic,data/raw/dataset-resized/plastic/plastic359.jpg,data/processed/train/plastic/plastic_0033.jpg
train,plastic,data/raw/dataset-resized/plastic/plastic124.jpg,data/processed/train/plastic/plastic_0034.jpg
train,plastic,data/raw/dataset-resized/plastic/plastic85.jpg,data/processed/train/plastic/plastic_0035.jpg
train,plastic,data/raw/dataset-resized/plastic/plastic463.jpg,data/processed/train/plastic/plastic_0036.jpg
train,plastic,data/raw/dataset-resized/plastic/plastic102.jpg,data/processed/train/plastic/plastic_0037.jpg
train,plastic,data/raw/dataset-resized/plastic/plastic54.jpg,data/processed/train/plastic/plastic_0038.jpg
train,plastic,data/raw/dataset-resized/plastic/plastic428.jpg,data/processed/train/plastic/plastic_0039.jpg
train,plastic,data/raw/dataset-resized/plastic/plastic181.jpg,data/processed/train/plastic/plastic_0040.jpg
train,plastic,data/raw/dataset-resized/plastic/plastic20.jpg,data/processed/train/plastic/plastic_0041.jpg
train,plastic,data/raw/dataset-resized/plastic/plastic462.jpg,data/processed/train/plastic/plastic_0042.jpg
train,plastic,data/raw/dataset-resized/plastic/plastic323.jpg,data/processed/train/plastic/plastic_0043.jpg
train,plastic,data/raw/dataset-resized/plastic/plastic101.jpg,data/processed/train/plastic/plastic_0044.jpg
train,plastic,data/raw/dataset-resized/plastic/plastic273.jpg,data/processed/train/plastic/plastic_0045.jpg
train,plastic,data/raw/dataset-resized/plastic/plastic274.jpg,data/processed/train/plastic/plastic_0046.jpg
train,plastic,data/raw/dataset-resized/plastic/plastic142.jpg,data/processed/train/plastic/plastic_0047.jpg
train,plastic,data/raw/dataset-resized/plastic/plastic121.jpg,data/processed/train/plastic/plastic_0048.jpg
train,plastic,data/raw/dataset-resized/plastic/plastic378.jpg,data/processed/train/plastic/plastic_0049.jpg
train,plastic,data/raw/dataset-resized/plastic/plastic258.jpg,data/processed/train/plastic/plastic_0050.jpg
train,plastic,data/raw/dataset-resized/plastic/plastic197.jpg,data/processed/train/plastic/plastic_0051.jpg
train,plastic,data/raw/dataset-resized/plastic/plastic443.jpg,data/processed/train/plastic/plastic_0052.jpg
train,plastic,data/raw/dataset-resized/plastic/plastic433.jpg,data/processed/train/plastic/plastic_0053.jpg
train,plastic,data/raw/dataset-resized/plastic/plastic336.jpg,data/processed/train/plastic/plastic_0054.jpg
train,plastic,data/raw/dataset-resized/plastic/plastic482.jpg,data/processed/train/plastic/plastic_0055.jpg
train,plastic,data/raw/dataset-resized/plastic/plastic223.jpg,data/processed/train/plastic/plastic_0056.jpg
train,plastic,data/raw/dataset-resized/plastic/plastic285.jpg,data/processed/train/plastic/plastic_0057.jpg
train,plastic,data/raw/dataset-resized/plastic/plastic425.jpg,data/processed/train/plastic/plastic_0058.jpg
train,plastic,data/raw/dataset-resized/plastic/plastic206.jpg,data/processed/train/plastic/plastic_0059.jpg
train,plastic,data/raw/dataset-resized/plastic/plastic374.jpg,data/processed/train/plastic/plastic_0060.jpg
train,plastic,data/raw/dataset-resized/plastic/plastic29.jpg,data/processed/train/plastic/plastic_0061.jpg
train,plastic,data/raw/dataset-resized/plastic/plastic413.jpg,data/processed/train/plastic/plastic_0062.jpg
train,plastic,data/raw/dataset-resized/plastic/plastic472.jpg,data/processed/train/plastic/plastic_0063.jpg
train,plastic,data/raw/dataset-resized/plastic/plastic168.jpg,data/processed/train/plastic/plastic_0064.jpg
train,plastic,data/raw/dataset-resized/plastic/plastic131.jpg,data/processed/train/plastic/plastic_0065.jpg
train,plastic,data/raw/dataset-resized/plastic/plastic16.jpg,data/processed/train/plastic/plastic_0066.jpg
train,plastic,data/raw/dataset-resized/plastic/plastic288.jpg,data/processed/train/plastic/plastic_0067.jpg
train,plastic,data/raw/dataset-resized/plastic/plastic14.jpg,data/processed/train/plastic/plastic_0068.jpg
train,plastic,data/raw/dataset-resized/plastic/plastic99.jpg,data/processed/train/plastic/plastic_0069.jpg
train,plastic,data/raw/dataset-resized/plastic/plastic190.jpg,data/processed/train/plastic/plastic_0070.jpg
train,plastic,data/raw/dataset-resized/plastic/plastic437.jpg,data/processed/train/plastic/plastic_0071.jpg
train,plastic,data/raw/dataset-resized/plastic/plastic412.jpg,data/processed/train/plastic/plastic_0072.jpg
train,plastic,data/raw/dataset-resized/plastic/plastic241.jpg,data/processed/train/plastic/plastic_0073.jpg
train,plastic,data/raw/dataset-resized/plastic/plastic309.jpg,data/processed/train/plastic/plastic_0074.jpg
train,plastic,data/raw/dataset-resized/plastic/plastic68.jpg,data/processed/train/plastic/plastic_0075.jpg
train,plastic,data/raw/dataset-resized/plastic/plastic205.jpg,data/processed/train/plastic/plastic_0076.jpg
train,plastic,data/raw/dataset-resized/plastic/plastic349.jpg,data/processed/train/plastic/plastic_0077.jpg
train,plastic,data/raw/dataset-resized/plastic/plastic172.jpg,data/processed/train/plastic/plastic_0078.jpg
train,plastic,data/raw/dataset-resized/plastic/plastic19.jpg,data/processed/train/plastic/plastic_0079.jpg
train,plastic,data/raw/dataset-resized/plastic/plastic445.jpg,data/processed/train/plastic/plastic_0080.jpg
train,plastic,data/raw/dataset-resized/plastic/plastic83.jpg,data/processed/train/plastic/plastic_0081.jpg
train,plastic,data/raw/dataset-resized/plastic/plastic230.jpg,data/processed/train/plastic/plastic_0082.jpg
train,plastic,data/raw/dataset-resized/plastic/plastic402.jpg,data/processed/train/plastic/plastic_0083.jpg
train,plastic,data/raw/dataset-resized/plastic/plastic77.jpg,data/processed/train/plastic/plastic_0084.jpg
train,plastic,data/raw/dataset-resized/plastic/plastic360.jpg,data/processed/train/plastic/plastic_0085.jpg
train,plastic,data/raw/dataset-resized/plastic/plastic249.jpg,data/processed/train/plastic/plastic_0086.jpg
train,plastic,data/raw/dataset-resized/plastic/plastic211.jpg,data/processed/train/plastic/plastic_0087.jpg
train,plastic,data/raw/dataset-resized/plastic/plastic411.jpg,data/processed/train/plastic/plastic_0088.jpg
train,plastic,data/raw/dataset-resized/plastic/plastic275.jpg,data/processed/train/plastic/plastic_0089.jpg
train,plastic,data/raw/dataset-resized/plastic/plastic41.jpg,data/processed/train/plastic/plastic_0090.jpg
train,plastic,data/raw/dataset-resized/plastic/plastic143.jpg,data/processed/train/plastic/plastic_0091.jpg
train,plastic,data/raw/dataset-resized/plastic/plastic132.jpg,data/processed/train/plastic/plastic_0092.jpg
train,plastic,data/raw/dataset-resized/plastic/plastic289.jpg,data/processed/train/plastic/plastic_0093.jpg
train,plastic,data/raw/dataset-resized/plastic/plastic11.jpg,data/processed/train/plastic/plastic_0094.jpg
train,plastic,data/raw/dataset-resized/plastic/plastic440.jpg,data/processed/train/plastic/plastic_0095.jpg
train,plastic,data/raw/dataset-resized/plastic/plastic312.jpg,data/processed/train/plastic/plastic_0096.jpg
train,plastic,data/raw/dataset-resized/plastic/plastic423.jpg,data/processed/train/plastic/plastic_0097.jpg
train,plastic,data/raw/dataset-resized/plastic/plastic324.jpg,data/processed/train/plastic/plastic_0098.jpg
train,plastic,data/raw/dataset-resized/plastic/plastic361.jpg,data/processed/train/plastic/plastic_0099.jpg
train,plastic,data/raw/dataset-resized/plastic/plastic451.jpg,data/processed/train/plastic/plastic_0100.jpg
train,plastic,data/raw/dataset-resized/plastic/plastic126.jpg,data/processed/train/plastic/plastic_0101.jpg
train,plastic,data/raw/dataset-resized/plastic/plastic200.jpg,data/processed/train/plastic/plastic_0102.jpg
train,plastic,data/raw/dataset-resized/plastic/plastic339.jpg,data/processed/train/plastic/plastic_0103.jpg
train,plastic,data/raw/dataset-resized/plastic/plastic73.jpg,data/processed/train/plastic/plastic_0104.jpg
train,plastic,data/raw/dataset-resized/plastic/plastic159.jpg,data/processed/train/plastic/plastic_0105.jpg
train,plastic,data/raw/dataset-resized/plastic/plastic141.jpg,data/processed/train/plastic/plastic_0106.jpg
train,plastic,data/raw/dataset-resized/plastic/plastic405.jpg,data/processed/train/plastic/plastic_0107.jpg
train,plastic,data/raw/dataset-resized/plastic/plastic45.jpg,data/processed/train/plastic/plastic_0108.jpg
train,plastic,data/raw/dataset-resized/plastic/plastic294.jpg,data/processed/train/plastic/plastic_0109.jpg
train,plastic,data/raw/dataset-resized/plastic/plastic3.jpg,data/processed/train/plastic/plastic_0110.jpg
train,plastic,data/raw/dataset-resized/plastic/plastic89.jpg,data/processed/train/plastic/plastic_0111.jpg
train,plastic,data/raw/dataset-resized/plastic/plastic422.jpg,data/processed/train/plastic/plastic_0112.jpg
train,plastic,data/raw/dataset-resized/plastic/plastic276.jpg,data/processed/train/plastic/plastic_0113.jpg
train,plastic,data/raw/dataset-resized/plastic/plastic182.jpg,data/processed/train/plastic/plastic_0114.jpg
train,plastic,data/raw/dataset-resized/plastic/plastic395.jpg,data/processed/train/plastic/plastic_0115.jpg
train,plastic,data/raw/dataset-resized/plastic/plastic303.jpg,data/processed/train/plastic/plastic_0116.jpg
train,plastic,data/raw/dataset-resized/plastic/plastic221.jpg,data/processed/train/plastic/plastic_0117.jpg
train,plastic,data/raw/dataset-resized/plastic/plastic333.jpg,data/processed/train/plastic/plastic_0118.jpg
train,plastic,data/raw/dataset-resized/plastic/plastic286.jpg,data/processed/train/plastic/plastic_0119.jpg
train,plastic,data/raw/dataset-resized/plastic/plastic122.jpg,data/processed/train/plastic/plastic_0120.jpg
train,plastic,data/raw/dataset-resized/plastic/plastic153.jpg,data/processed/train/plastic/plastic_0121.jpg
train,plastic,data/raw/dataset-resized/plastic/plastic155.jpg,data/processed/train/plastic/plastic_0122.jpg
train,plastic,data/raw/dataset-resized/plastic/plastic308.jpg,data/processed/train/plastic/plastic_0123.jpg
train,plastic,data/raw/dataset-resized/plastic/plastic479.jpg,data/processed/train/plastic/plastic_0124.jpg
train,plastic,data/raw/dataset-resized/plastic/plastic281.jpg,data/processed/train/plastic/plastic_0125.jpg
train,plastic,data/raw/dataset-resized/plastic/plastic237.jpg,data/processed/train/plastic/plastic_0126.jpg
train,plastic,data/raw/dataset-resized/plastic/plastic246.jpg,data/processed/train/plastic/plastic_0127.jpg
train,plastic,data/raw/dataset-resized/plastic/plastic354.jpg,data/processed/train/plastic/plastic_0128.jpg
train,plastic,data/raw/dataset-resized/plastic/plastic204.jpg,data/processed/train/plastic/plastic_0129.jpg
train,plastic,data/raw/dataset-resized/plastic/plastic7.jpg,data/processed/train/plastic/plastic_0130.jpg
train,plastic,data/raw/dataset-resized/plastic/plastic417.jpg,data/processed/train/plastic/plastic_0131.jpg
train,plastic,data/raw/dataset-resized/plastic/plastic52.jpg,data/processed/train/plastic/plastic_0132.jpg
train,plastic,data/raw/dataset-resized/plastic/plastic44.jpg,data/processed/train/plastic/plastic_0133.jpg
train,plastic,data/raw/dataset-resized/plastic/plastic238.jpg,data/processed/train/plastic/plastic_0134.jpg
train,plastic,data/raw/dataset-resized/plastic/plastic32.jpg,data/processed/train/plastic/plastic_0135.jpg
train,plastic,data/raw/dataset-resized/plastic/plastic340.jpg,data/processed/train/plastic/plastic_0136.jpg
train,plastic,data/raw/dataset-resized/plastic/plastic341.jpg,data/processed/train/plastic/plastic_0137.jpg
train,plastic,data/raw/dataset-resized/plastic/plastic196.jpg,data/processed/train/plastic/plastic_0138.jpg
train,plastic,data/raw/dataset-resized/plastic/plastic60.jpg,data/processed/train/plastic/plastic_0139.jpg
train,plastic,data/raw/dataset-resized/plastic/plastic160.jpg,data/processed/train/plastic/plastic_0140.jpg
train,plastic,data/raw/dataset-resized/plastic/plastic109.jpg,data/processed/train/plastic/plastic_0141.jpg
train,plastic,data/raw/dataset-resized/plastic/plastic243.jpg,data/processed/train/plastic/plastic_0142.jpg
train,plastic,data/raw/dataset-resized/plastic/plastic105.jpg,data/processed/train/plastic/plastic_0143.jpg
train,plastic,data/raw/dataset-resized/plastic/plastic72.jpg,data/processed/train/plastic/plastic_0144.jpg
train,plastic,data/raw/dataset-resized/plastic/plastic23.jpg,data/processed/train/plastic/plastic_0145.jpg
train,plastic,data/raw/dataset-resized/plastic/plastic178.jpg,data/processed/train/plastic/plastic_0146.jpg
train,plastic,data/raw/dataset-resized/plastic/plastic469.jpg,data/processed/train/plastic/plastic_0147.jpg
train,plastic,data/raw/dataset-resized/plastic/plastic251.jpg,data/processed/train/plastic/plastic_0148.jpg
train,plastic,data/raw/dataset-resized/plastic/plastic233.jpg,data/processed/train/plastic/plastic_0149.jpg
train,plastic,data/raw/dataset-resized/plastic/plastic56.jpg,data/processed/train/plastic/plastic_0150.jpg
train,plastic,data/raw/dataset-resized/plastic/plastic255.jpg,data/processed/train/plastic/plastic_0151.jpg
train,plastic,data/raw/dataset-resized/plastic/plastic12.jpg,data/processed/train/plastic/plastic_0152.jpg
train,plastic,data/raw/dataset-resized/plastic/plastic39.jpg,data/processed/train/plastic/plastic_0153.jpg
train,plastic,data/raw/dataset-resized/plastic/plastic69.jpg,data/processed/train/plastic/plastic_0154.jpg
train,plastic,data/raw/dataset-resized/plastic/plastic399.jpg,data/processed/train/plastic/plastic_0155.jpg
train,plastic,data/raw/dataset-resized/plastic/plastic346.jpg,data/processed/train/plastic/plastic_0156.jpg
train,plastic,data/raw/dataset-resized/plastic/plastic260.jpg,data/processed/train/plastic/plastic_0157.jpg
train,plastic,data/raw/dataset-resized/plastic/plastic86.jpg,data/processed/train/plastic/plastic_0158.jpg
train,plastic,data/raw/dataset-resized/plastic/plastic358.jpg,data/processed/train/plastic/plastic_0159.jpg
train,plastic,data/raw/dataset-resized/plastic/plastic117.jpg,data/processed/train/plastic/plastic_0160.jpg
train,plastic,data/raw/dataset-resized/plastic/plastic165.jpg,data/processed/train/plastic/plastic_0161.jpg
train,plastic,data/raw/dataset-resized/plastic/plastic401.jpg,data/processed/train/plastic/plastic_0162.jpg
train,plastic,data/raw/dataset-resized/plastic/plastic37.jpg,data/processed/train/plastic/plastic_0163.jpg
train,plastic,data/raw/dataset-resized/plastic/plastic476.jpg,data/processed/train/plastic/plastic_0164.jpg
train,plastic,data/raw/dataset-resized/plastic/plastic174.jpg,data/processed/train/plastic/plastic_0165.jpg
train,plastic,data/raw/dataset-resized/plastic/plastic90.jpg,data/processed/train/plastic/plastic_0166.jpg
train,plastic,data/raw/dataset-resized/plastic/plastic389.jpg,data/processed/train/plastic/plastic_0167.jpg
train,plastic,data/raw/dataset-resized/plastic/plastic17.jpg,data/processed/train/plastic/plastic_0168.jpg
train,plastic,data/raw/dataset-resized/plastic/plastic347.jpg,data/processed/train/plastic/plastic_0169.jpg
train,plastic,data/raw/dataset-resized/plastic/plastic36.jpg,data/processed/train/plastic/plastic_0170.jpg
train,plastic,data/raw/dataset-resized/plastic/plastic314.jpg,data/processed/train/plastic/plastic_0171.jpg
train,plastic,data/raw/dataset-resized/plastic/plastic88.jpg,data/processed/train/plastic/plastic_0172.jpg
train,plastic,data/raw/dataset-resized/plastic/plastic215.jpg,data/processed/train/plastic/plastic_0173.jpg
train,plastic,data/raw/dataset-resized/plastic/plastic64.jpg,data/processed/train/plastic/plastic_0174.jpg
train,plastic,data/raw/dataset-resized/plastic/plastic290.jpg,data/processed/train/plastic/plastic_0175.jpg
train,plastic,data/raw/dataset-resized/plastic/plastic140.jpg,data/processed/train/plastic/plastic_0176.jpg
train,plastic,data/raw/dataset-resized/plastic/plastic382.jpg,data/processed/train/plastic/plastic_0177.jpg
train,plastic,data/raw/dataset-resized/plastic/plastic435.jpg,data/processed/train/plastic/plastic_0178.jpg
train,plastic,data/raw/dataset-resized/plastic/plastic386.jpg,data/processed/train/plastic/plastic_0179.jpg
train,plastic,data/raw/dataset-resized/plastic/plastic391.jpg,data/processed/train/plastic/plastic_0180.jpg
train,plastic,data/raw/dataset-resized/plastic/plastic311.jpg,data/processed/train/plastic/plastic_0181.jpg
train,plastic,data/raw/dataset-resized/plastic/plastic219.jpg,data/processed/train/plastic/plastic_0182.jpg
train,plastic,data/raw/dataset-resized/plastic/plastic315.jpg,data/processed/train/plastic/plastic_0183.jpg
train,plastic,data/raw/dataset-resized/plastic/plastic429.jpg,data/processed/train/plastic/plastic_0184.jpg
train,plastic,data/raw/dataset-resized/plastic/plastic321.jpg,data/processed/train/plastic/plastic_0185.jpg
train,plastic,data/raw/dataset-resized/plastic/plastic35.jpg,data/processed/train/plastic/plastic_0186.jpg
train,plastic,data/raw/dataset-resized/plastic/plastic6.jpg,data/processed/train/plastic/plastic_0187.jpg
train,plastic,data/raw/dataset-resized/plastic/plastic71.jpg,data/processed/train/plastic/plastic_0188.jpg
train,plastic,data/raw/dataset-resized/plastic/plastic420.jpg,data/processed/train/plastic/plastic_0189.jpg
train,plastic,data/raw/dataset-resized/plastic/plastic322.jpg,data/processed/train/plastic/plastic_0190.jpg
train,plastic,data/raw/dataset-resized/plastic/plastic55.jpg,data/processed/train/plastic/plastic_0191.jpg
train,plastic,data/raw/dataset-resized/plastic/plastic194.jpg,data/processed/train/plastic/plastic_0192.jpg
train,plastic,data/raw/dataset-resized/plastic/plastic195.jpg,data/processed/train/plastic/plastic_0193.jpg
train,plastic,data/raw/dataset-resized/plastic/plastic452.jpg,data/processed/train/plastic/plastic_0194.jpg
train,plastic,data/raw/dataset-resized/plastic/plastic50.jpg,data/processed/train/plastic/plastic_0195.jpg
train,plastic,data/raw/dataset-resized/plastic/plastic457.jpg,data/processed/train/plastic/plastic_0196.jpg
train,plastic,data/raw/dataset-resized/plastic/plastic265.jpg,data/processed/train/plastic/plastic_0197.jpg
train,plastic,data/raw/dataset-resized/plastic/plastic191.jpg,data/processed/train/plastic/plastic_0198.jpg
train,plastic,data/raw/dataset-resized/plastic/plastic171.jpg,data/processed/train/plastic/plastic_0199.jpg
train,plastic,data/raw/dataset-resized/plastic/plastic31.jpg,data/processed/train/plastic/plastic_0200.jpg
train,plastic,data/raw/dataset-resized/plastic/plastic76.jpg,data/processed/train/plastic/plastic_0201.jpg
train,plastic,data/raw/dataset-resized/plastic/plastic377.jpg,data/processed/train/plastic/plastic_0202.jpg
train,plastic,data/raw/dataset-resized/plastic/plastic129.jpg,data/processed/train/plastic/plastic_0203.jpg
train,plastic,data/raw/dataset-resized/plastic/plastic449.jpg,data/processed/train/plastic/plastic_0204.jpg
train,plastic,data/raw/dataset-resized/plastic/plastic207.jpg,data/processed/train/plastic/plastic_0205.jpg
train,plastic,data/raw/dataset-resized/plastic/plastic185.jpg,data/processed/train/plastic/plastic_0206.jpg
train,plastic,data/raw/dataset-resized/plastic/plastic363.jpg,data/processed/train/plastic/plastic_0207.jpg
train,plastic,data/raw/dataset-resized/plastic/plastic227.jpg,data/processed/train/plastic/plastic_0208.jpg
train,plastic,data/raw/dataset-resized/plastic/plastic468.jpg,data/processed/train/plastic/plastic_0209.jpg
train,plastic,data/raw/dataset-resized/plastic/plastic104.jpg,data/processed/train/plastic/plastic_0210.jpg
train,plastic,data/raw/dataset-resized/plastic/plastic213.jpg,data/processed/train/plastic/plastic_0211.jpg
train,plastic,data/raw/dataset-resized/plastic/plastic74.jpg,data/processed/train/plastic/plastic_0212.jpg
train,plastic,data/raw/dataset-resized/plastic/plastic335.jpg,data/processed/train/plastic/plastic_0213.jpg
train,plastic,data/raw/dataset-resized/plastic/plastic130.jpg,data/processed/train/plastic/plastic_0214.jpg
train,plastic,data/raw/dataset-resized/plastic/plastic95.jpg,data/processed/train/plastic/plastic_0215.jpg
train,plastic,data/raw/dataset-resized/plastic/plastic326.jpg,data/processed/train/plastic/plastic_0216.jpg
train,plastic,data/raw/dataset-resized/plastic/plastic325.jpg,data/processed/train/plastic/plastic_0217.jpg
train,plastic,data/raw/dataset-resized/plastic/plastic150.jpg,data/processed/train/plastic/plastic_0218.jpg
train,plastic,data/raw/dataset-resized/plastic/plastic217.jpg,data/processed/train/plastic/plastic_0219.jpg
train,plastic,data/raw/dataset-resized/plastic/plastic81.jpg,data/processed/train/plastic/plastic_0220.jpg
train,plastic,data/raw/dataset-resized/plastic/plastic455.jpg,data/processed/train/plastic/plastic_0221.jpg
train,plastic,data/raw/dataset-resized/plastic/plastic424.jpg,data/processed/train/plastic/plastic_0222.jpg
train,plastic,data/raw/dataset-resized/plastic/plastic87.jpg,data/processed/train/plastic/plastic_0223.jpg
train,plastic,data/raw/dataset-resized/plastic/plastic372.jpg,data/processed/train/plastic/plastic_0224.jpg
train,plastic,data/raw/dataset-resized/plastic/plastic328.jpg,data/processed/train/plastic/plastic_0225.jpg
train,plastic,data/raw/dataset-resized/plastic/plastic319.jpg,data/processed/train/plastic/plastic_0226.jpg
train,plastic,data/raw/dataset-resized/plastic/plastic38.jpg,data/processed/train/plastic/plastic_0227.jpg
train,plastic,data/raw/dataset-resized/plastic/plastic481.jpg,data/processed/train/plastic/plastic_0228.jpg
train,plastic,data/raw/dataset-resized/plastic/plastic62.jpg,data/processed/train/plastic/plastic_0229.jpg
train,plastic,data/raw/dataset-resized/plastic/plastic94.jpg,data/processed/train/plastic/plastic_0230.jpg
train,plastic,data/raw/dataset-resized/plastic/plastic80.jpg,data/processed/train/plastic/plastic_0231.jpg
train,plastic,data/raw/dataset-resized/plastic/plastic224.jpg,data/processed/train/plastic/plastic_0232.jpg
train,plastic,data/raw/dataset-resized/plastic/plastic368.jpg,data/processed/train/plastic/plastic_0233.jpg
train,plastic,data/raw/dataset-resized/plastic/plastic383.jpg,data/processed/train/plastic/plastic_0234.jpg
train,plastic,data/raw/dataset-resized/plastic/plastic263.jpg,data/processed/train/plastic/plastic_0235.jpg
train,plastic,data/raw/dataset-resized/plastic/plastic18.jpg,data/processed/train/plastic/plastic_0236.jpg
train,plastic,data/raw/dataset-resized/plastic/plastic434.jpg,data/processed/train/plastic/plastic_0237.jpg
train,plastic,data/raw/dataset-resized/plastic/plastic362.jpg,data/processed/train/plastic/plastic_0238.jpg
train,plastic,data/raw/dataset-resized/plastic/plastic58.jpg,data/processed/train/plastic/plastic_0239.jpg
train,plastic,data/raw/dataset-resized/plastic/plastic257.jpg,data/processed/train/plastic/plastic_0240.jpg
train,plastic,data/raw/dataset-resized/plastic/plastic365.jpg,data/processed/train/plastic/plastic_0241.jpg
train,plastic,data/raw/dataset-resized/plastic/plastic427.jpg,data/processed/train/plastic/plastic_0242.jpg
train,plastic,data/raw/dataset-resized/plastic/plastic201.jpg,data/processed/train/plastic/plastic_0243.jpg
train,plastic,data/raw/dataset-resized/plastic/plastic438.jpg,data/processed/train/plastic/plastic_0244.jpg
train,plastic,data/raw/dataset-resized/plastic/plastic350.jpg,data/processed/train/plastic/plastic_0245.jpg
train,plastic,data/raw/dataset-resized/plastic/plastic139.jpg,data/processed/train/plastic/plastic_0246.jpg
train,plastic,data/raw/dataset-resized/plastic/plastic203.jpg,data/processed/train/plastic/plastic_0247.jpg
train,plastic,data/raw/dataset-resized/plastic/plastic460.jpg,data/processed/train/plastic/plastic_0248.jpg
train,plastic,data/raw/dataset-resized/plastic/plastic375.jpg,data/processed/train/plastic/plastic_0249.jpg
train,plastic,data/raw/dataset-resized/plastic/plastic357.jpg,data/processed/train/plastic/plastic_0250.jpg
train,plastic,data/raw/dataset-resized/plastic/plastic127.jpg,data/processed/train/plastic/plastic_0251.jpg
train,plastic,data/raw/dataset-resized/plastic/plastic145.jpg,data/processed/train/plastic/plastic_0252.jpg
train,plastic,data/raw/dataset-resized/plastic/plastic212.jpg,data/processed/train/plastic/plastic_0253.jpg
train,plastic,data/raw/dataset-resized/plastic/plastic42.jpg,data/processed/train/plastic/plastic_0254.jpg
train,plastic,data/raw/dataset-resized/plastic/plastic26.jpg,data/processed/train/plastic/plastic_0255.jpg
train,plastic,data/raw/dataset-resized/plastic/plastic404.jpg,data/processed/train/plastic/plastic_0256.jpg
train,plastic,data/raw/dataset-resized/plastic/plastic199.jpg,data/processed/train/plastic/plastic_0257.jpg
train,plastic,data/raw/dataset-resized/plastic/plastic371.jpg,data/processed/train/plastic/plastic_0258.jpg
train,plastic,data/raw/dataset-resized/plastic/plastic22.jpg,data/processed/train/plastic/plastic_0259.jpg
train,plastic,data/raw/dataset-resized/plastic/plastic220.jpg,data/processed/train/plastic/plastic_0260.jpg
train,plastic,data/raw/dataset-resized/plastic/plastic154.jpg,data/processed/train/plastic/plastic_0261.jpg
train,plastic,data/raw/dataset-resized/plastic/plastic446.jpg,data/processed/train/plastic/plastic_0262.jpg
train,plastic,data/raw/dataset-resized/plastic/plastic478.jpg,data/processed/train/plastic/plastic_0263.jpg
train,plastic,data/raw/dataset-resized/plastic/plastic447.jpg,data/processed/train/plastic/plastic_0264.jpg
train,plastic,data/raw/dataset-resized/plastic/plastic98.jpg,data/processed/train/plastic/plastic_0265.jpg
train,plastic,data/raw/dataset-resized/plastic/plastic151.jpg,data/processed/train/plastic/plastic_0266.jpg
train,plastic,data/raw/dataset-resized/plastic/plastic214.jpg,data/processed/train/plastic/plastic_0267.jpg
train,plastic,data/raw/dataset-resized/plastic/plastic228.jpg,data/processed/train/plastic/plastic_0268.jpg
train,plastic,data/raw/dataset-resized/plastic/plastic244.jpg,data/processed/train/plastic/plastic_0269.jpg
train,plastic,data/raw/dataset-resized/plastic/plastic410.jpg,data/processed/train/plastic/plastic_0270.jpg
train,plastic,data/raw/dataset-resized/plastic/plastic355.jpg,data/processed/train/plastic/plastic_0271.jpg
train,plastic,data/raw/dataset-resized/plastic/plastic345.jpg,data/processed/train/plastic/plastic_0272.jpg
train,plastic,data/raw/dataset-resized/plastic/plastic8.jpg,data/processed/train/plastic/plastic_0273.jpg
train,plastic,data/raw/dataset-resized/plastic/plastic134.jpg,data/processed/train/plastic/plastic_0274.jpg
train,plastic,data/raw/dataset-resized/plastic/plastic373.jpg,data/processed/train/plastic/plastic_0275.jpg
train,plastic,data/raw/dataset-resized/plastic/plastic271.jpg,data/processed/train/plastic/plastic_0276.jpg
train,plastic,data/raw/dataset-resized/plastic/plastic270.jpg,data/processed/train/plastic/plastic_0277.jpg
train,plastic,data/raw/dataset-resized/plastic/plastic307.jpg,data/processed/train/plastic/plastic_0278.jpg
train,plastic,data/raw/dataset-resized/plastic/plastic170.jpg,data/processed/train/plastic/plastic_0279.jpg
train,plastic,data/raw/dataset-resized/plastic/plastic113.jpg,data/processed/train/plastic/plastic_0280.jpg
train,plastic,data/raw/dataset-resized/plastic/plastic277.jpg,data/processed/train/plastic/plastic_0281.jpg
train,plastic,data/raw/dataset-resized/plastic/plastic267.jpg,data/processed/train/plastic/plastic_0282.jpg
train,plastic,data/raw/dataset-resized/plastic/plastic269.jpg,data/processed/train/plastic/plastic_0283.jpg
train,plastic,data/raw/dataset-resized/plastic/plastic92.jpg,data/processed/train/plastic/plastic_0284.jpg
train,plastic,data/raw/dataset-resized/plastic/plastic441.jpg,data/processed/train/plastic/plastic_0285.jpg
train,plastic,data/raw/dataset-resized/plastic/plastic158.jpg,data/processed/train/plastic/plastic_0286.jpg
train,plastic,data/raw/dataset-resized/plastic/plastic114.jpg,data/processed/train/plastic/plastic_0287.jpg
train,plastic,data/raw/dataset-resized/plastic/plastic301.jpg,data/processed/train/plastic/plastic_0288.jpg
train,plastic,data/raw/dataset-resized/plastic/plastic47.jpg,data/processed/train/plastic/plastic_0289.jpg
train,plastic,data/raw/dataset-resized/plastic/plastic112.jpg,data/processed/train/plastic/plastic_0290.jpg
train,plastic,data/raw/dataset-resized/plastic/plastic173.jpg,data/processed/train/plastic/plastic_0291.jpg
train,plastic,data/raw/dataset-resized/plastic/plastic337.jpg,data/processed/train/plastic/plastic_0292.jpg
train,plastic,data/raw/dataset-resized/plastic/plastic268.jpg,data/processed/train/plastic/plastic_0293.jpg
train,plastic,data/raw/dataset-resized/plastic/plastic287.jpg,data/processed/train/plastic/plastic_0294.jpg
train,plastic,data/raw/dataset-resized/plastic/plastic133.jpg,data/processed/train/plastic/plastic_0295.jpg
train,plastic,data/raw/dataset-resized/plastic/plastic125.jpg,data/processed/train/plastic/plastic_0296.jpg
train,plastic,data/raw/dataset-resized/plastic/plastic226.jpg,data/processed/train/plastic/plastic_0297.jpg
train,plastic,data/raw/dataset-resized/plastic/plastic30.jpg,data/processed/train/plastic/plastic_0298.jpg
train,plastic,data/raw/dataset-resized/plastic/plastic470.jpg,data/processed/train/plastic/plastic_0299.jpg
train,plastic,data/raw/dataset-resized/plastic/plastic414.jpg,data/processed/train/plastic/plastic_0300.jpg
train,plastic,data/raw/dataset-resized/plastic/plastic477.jpg,data/processed/train/plastic/plastic_0301.jpg
train,plastic,data/raw/dataset-resized/plastic/plastic261.jpg,data/processed/train/plastic/plastic_0302.jpg
train,plastic,data/raw/dataset-resized/plastic/plastic304.jpg,data/processed/train/plastic/plastic_0303.jpg
train,plastic,data/raw/dataset-resized/plastic/plastic177.jpg,data/processed/train/plastic/plastic_0304.jpg
train,plastic,data/raw/dataset-resized/plastic/plastic297.jpg,data/processed/train/plastic/plastic_0305.jpg
train,plastic,data/raw/dataset-resized/plastic/plastic305.jpg,data/processed/train/plastic/plastic_0306.jpg
train,plastic,data/raw/dataset-resized/plastic/plastic240.jpg,data/processed/train/plastic/plastic_0307.jpg
train,plastic,data/raw/dataset-resized/plastic/plastic236.jpg,data/processed/train/plastic/plastic_0308.jpg
train,plastic,data/raw/dataset-resized/plastic/plastic250.jpg,data/processed/train/plastic/plastic_0309.jpg
train,plastic,data/raw/dataset-resized/plastic/plastic387.jpg,data/processed/train/plastic/plastic_0310.jpg
train,plastic,data/raw/dataset-resized/plastic/plastic146.jpg,data/processed/train/plastic/plastic_0311.jpg
train,plastic,data/raw/dataset-resized/plastic/plastic248.jpg,data/processed/train/plastic/plastic_0312.jpg
train,plastic,data/raw/dataset-resized/plastic/plastic418.jpg,data/processed/train/plastic/plastic_0313.jpg
train,plastic,data/raw/dataset-resized/plastic/plastic430.jpg,data/processed/train/plastic/plastic_0314.jpg
train,plastic,data/raw/dataset-resized/plastic/plastic183.jpg,data/processed/train/plastic/plastic_0315.jpg
train,plastic,data/raw/dataset-resized/plastic/plastic379.jpg,data/processed/train/plastic/plastic_0316.jpg
train,plastic,data/raw/dataset-resized/plastic/plastic299.jpg,data/processed/train/plastic/plastic_0317.jpg
train,plastic,data/raw/dataset-resized/plastic/plastic67.jpg,data/processed/train/plastic/plastic_0318.jpg
train,plastic,data/raw/dataset-resized/plastic/plastic296.jpg,data/processed/train/plastic/plastic_0319.jpg
train,plastic,data/raw/dataset-resized/plastic/plastic137.jpg,data/processed/train/plastic/plastic_0320.jpg
train,plastic,data/raw/dataset-resized/plastic/plastic222.jpg,data/processed/train/plastic/plastic_0321.jpg
train,plastic,data/raw/dataset-resized/plastic/plastic34.jpg,data/processed/train/plastic/plastic_0322.jpg
train,plastic,data/raw/dataset-resized/plastic/plastic406.jpg,data/processed/train/plastic/plastic_0323.jpg
train,plastic,data/raw/dataset-resized/plastic/plastic393.jpg,data/processed/train/plastic/plastic_0324.jpg
train,plastic,data/raw/dataset-resized/plastic/plastic329.jpg,data/processed/train/plastic/plastic_0325.jpg
train,plastic,data/raw/dataset-resized/plastic/plastic461.jpg,data/processed/train/plastic/plastic_0326.jpg
train,plastic,data/raw/dataset-resized/plastic/plastic84.jpg,data/processed/train/plastic/plastic_0327.jpg
train,plastic,data/raw/dataset-resized/plastic/plastic91.jpg,data/processed/train/plastic/plastic_0328.jpg
train,plastic,data/raw/dataset-resized/plastic/plastic302.jpg,data/processed/train/plastic/plastic_0329.jpg
train,plastic,data/raw/dataset-resized/plastic/plastic284.jpg,data/processed/train/plastic/plastic_0330.jpg
train,plastic,data/raw/dataset-resized/plastic/plastic300.jpg,data/processed/train/plastic/plastic_0331.jpg
train,plastic,data/raw/dataset-resized/plastic/plastic27.jpg,data/processed/train/plastic/plastic_0332.jpg
train,plastic,data/raw/dataset-resized/plastic/plastic157.jpg,data/processed/train/plastic/plastic_0333.jpg
train,plastic,data/raw/dataset-resized/plastic/plastic225.jpg,data/processed/train/plastic/plastic_0334.jpg
train,plastic,data/raw/dataset-resized/plastic/plastic252.jpg,data/processed/train/plastic/plastic_0335.jpg
train,plastic,data/raw/dataset-resized/plastic/plastic63.jpg,data/processed/train/plastic/plastic_0336.jpg
train,trash,data/raw/dataset-resized/trash/trash133.jpg,data/processed/train/trash/trash_0001.jpg
train,trash,data/raw/dataset-resized/trash/trash24.jpg,data/processed/train/trash/trash_0002.jpg
train,trash,data/raw/dataset-resized/trash/trash108.jpg,data/processed/train/trash/trash_0003.jpg
train,trash,data/raw/dataset-resized/trash/trash7.jpg,data/processed/train/trash/trash_0004.jpg
train,trash,data/raw/dataset-resized/trash/trash52.jpg,data/processed/train/trash/trash_0005.jpg
train,trash,data/raw/dataset-resized/trash/trash103.jpg,data/processed/train/trash/trash_0006.jpg
train,trash,data/raw/dataset-resized/trash/trash1.jpg,data/processed/train/trash/trash_0007.jpg
train,trash,data/raw/dataset-resized/trash/trash34.jpg,data/processed/train/trash/trash_0008.jpg
train,trash,data/raw/dataset-resized/trash/trash78.jpg,data/processed/train/trash/trash_0009.jpg
train,trash,data/raw/dataset-resized/trash/trash124.jpg,data/processed/train/trash/trash_0010.jpg
train,trash,data/raw/dataset-resized/trash/trash12.jpg,data/processed/train/trash/trash_0011.jpg
train,trash,data/raw/dataset-resized/trash/trash123.jpg,data/processed/train/trash/trash_0012.jpg
train,trash,data/raw/dataset-resized/trash/trash72.jpg,data/processed/train/trash/trash_0013.jpg
train,trash,data/raw/dataset-resized/trash/trash131.jpg,data/processed/train/trash/trash_0014.jpg
train,trash,data/raw/dataset-resized/trash/trash27.jpg,data/processed/train/trash/trash_0015.jpg
train,trash,data/raw/dataset-resized/trash/trash32.jpg,data/processed/train/trash/trash_0016.jpg
train,trash,data/raw/dataset-resized/trash/trash132.jpg,data/processed/train/trash/trash_0017.jpg
train,trash,data/raw/dataset-resized/trash/trash68.jpg,data/processed/train/trash/trash_0018.jpg
train,trash,data/raw/dataset-resized/trash/trash20.jpg,data/processed/train/trash/trash_0019.jpg
train,trash,data/raw/dataset-resized/trash/trash106.jpg,data/processed/train/trash/trash_0020.jpg
train,trash,data/raw/dataset-resized/trash/trash29.jpg,data/processed/train/trash/trash_0021.jpg
train,trash,data/raw/dataset-resized/trash/trash109.jpg,data/processed/train/trash/trash_0022.jpg
train,trash,data/raw/dataset-resized/trash/trash88.jpg,data/processed/train/trash/trash_0023.jpg
train,trash,data/raw/dataset-resized/trash/trash94.jpg,data/processed/train/trash/trash_0024.jpg
train,trash,data/raw/dataset-resized/trash/trash56.jpg,data/processed/train/trash/trash_0025.jpg
train,trash,data/raw/dataset-resized/trash/trash10.jpg,data/processed/train/trash/trash_0026.jpg
train,trash,data/raw/dataset-resized/trash/trash107.jpg,data/processed/train/trash/trash_0027.jpg
train,trash,data/raw/dataset-resized/trash/trash57.jpg,data/processed/train/trash/trash_0028.jpg
train,trash,data/raw/dataset-resized/trash/trash128.jpg,data/processed/train/trash/trash_0029.jpg
train,trash,data/raw/dataset-resized/trash/trash75.jpg,data/processed/train/trash/trash_0030.jpg
train,trash,data/raw/dataset-resized/trash/trash38.jpg,data/processed/train/trash/trash_0031.jpg
train,trash,data/raw/dataset-resized/trash/trash74.jpg,data/processed/train/trash/trash_0032.jpg
train,trash,data/raw/dataset-resized/trash/trash121.jpg,data/processed/train/trash/trash_0033.jpg
train,trash,data/raw/dataset-resized/trash/trash62.jpg,data/processed/train/trash/trash_0034.jpg
train,trash,data/raw/dataset-resized/trash/trash13.jpg,data/processed/train/trash/trash_0035.jpg
train,trash,data/raw/dataset-resized/trash/trash77.jpg,data/processed/train/trash/trash_0036.jpg
train,trash,data/raw/dataset-resized/trash/trash45.jpg,data/processed/train/trash/trash_0037.jpg
train,trash,data/raw/dataset-resized/trash/trash39.jpg,data/processed/train/trash/trash_0038.jpg
train,trash,data/raw/dataset-resized/trash/trash37.jpg,data/processed/train/trash/trash_0039.jpg
train,trash,data/raw/dataset-resized/trash/trash83.jpg,data/processed/train/trash/trash_0040.jpg
train,trash,data/raw/dataset-resized/trash/trash61.jpg,data/processed/train/trash/trash_0041.jpg
train,trash,data/raw/dataset-resized/trash/trash117.jpg,data/processed/train/trash/trash_0042.jpg
train,trash,data/raw/dataset-resized/trash/trash58.jpg,data/processed/train/trash/trash_0043.jpg
train,trash,data/raw/dataset-resized/trash/trash110.jpg,data/processed/train/trash/trash_0044.jpg
train,trash,data/raw/dataset-resized/trash/trash6.jpg,data/processed/train/trash/trash_0045.jpg
train,trash,data/raw/dataset-resized/trash/trash9.jpg,data/processed/train/trash/trash_0046.jpg
train,trash,data/raw/dataset-resized/trash/trash82.jpg,data/processed/train/trash/trash_0047.jpg
train,trash,data/raw/dataset-resized/trash/trash5.jpg,data/processed/train/trash/trash_0048.jpg
train,trash,data/raw/dataset-resized/trash/trash130.jpg,data/processed/train/trash/trash_0049.jpg
train,trash,data/raw/dataset-resized/trash/trash43.jpg,data/processed/train/trash/trash_0050.jpg
train,trash,data/raw/dataset-resized/trash/trash112.jpg,data/processed/train/trash/trash_0051.jpg
train,trash,data/raw/dataset-resized/trash/trash11.jpg,data/processed/train/trash/trash_0052.jpg
train,trash,data/raw/dataset-resized/trash/trash126.jpg,data/processed/train/trash/trash_0053.jpg
train,trash,data/raw/dataset-resized/trash/trash84.jpg,data/processed/train/trash/trash_0054.jpg
train,trash,data/raw/dataset-resized/trash/trash113.jpg,data/processed/train/trash/trash_0055.jpg
train,trash,data/raw/dataset-resized/trash/trash15.jpg,data/processed/train/trash/trash_0056.jpg
train,trash,data/raw/dataset-resized/trash/trash21.jpg,data/processed/train/trash/trash_0057.jpg
train,trash,data/raw/dataset-resized/trash/trash40.jpg,data/processed/train/trash/trash_0058.jpg
train,trash,data/raw/dataset-resized/trash/trash31.jpg,data/processed/train/trash/trash_0059.jpg
train,trash,data/raw/dataset-resized/trash/trash17.jpg,data/processed/train/trash/trash_0060.jpg
train,trash,data/raw/dataset-resized/trash/trash25.jpg,data/processed/train/trash/trash_0061.jpg
train,trash,data/raw/dataset-resized/trash/trash2.jpg,data/processed/train/trash/trash_0062.jpg
train,trash,data/raw/dataset-resized/trash/trash46.jpg,data/processed/train/trash/trash_0063.jpg
train,trash,data/raw/dataset-resized/trash/trash16.jpg,data/processed/train/trash/trash_0064.jpg
train,trash,data/raw/dataset-resized/trash/trash14.jpg,data/processed/train/trash/trash_0065.jpg
train,trash,data/raw/dataset-resized/trash/trash28.jpg,data/processed/train/trash/trash_0066.jpg
train,trash,data/raw/dataset-resized/trash/trash119.jpg,data/processed/train/trash/trash_0067.jpg
train,trash,data/raw/dataset-resized/trash/trash51.jpg,data/processed/train/trash/trash_0068.jpg
train,trash,data/raw/dataset-resized/trash/trash60.jpg,data/processed/train/trash/trash_0069.jpg
train,trash,data/raw/dataset-resized/trash/trash64.jpg,data/processed/train/trash/trash_0070.jpg
train,trash,data/raw/dataset-resized/trash/trash73.jpg,data/processed/train/trash/trash_0071.jpg
train,trash,data/raw/dataset-resized/trash/trash99.jpg,data/processed/train/trash/trash_0072.jpg
train,trash,data/raw/dataset-resized/trash/trash4.jpg,data/processed/train/trash/trash_0073.jpg
train,trash,data/raw/dataset-resized/trash/trash63.jpg,data/processed/train/trash/trash_0074.jpg
train,trash,data/raw/dataset-resized/trash/trash35.jpg,data/processed/train/trash/trash_0075.jpg
train,trash,data/raw/dataset-resized/trash/trash114.jpg,data/processed/train/trash/trash_0076.jpg
train,trash,data/raw/dataset-resized/trash/trash105.jpg,data/processed/train/trash/trash_0077.jpg
train,trash,data/raw/dataset-resized/trash/trash80.jpg,data/processed/train/trash/trash_0078.jpg
train,trash,data/raw/dataset-resized/trash/trash33.jpg,data/processed/train/trash/trash_0079.jpg
train,trash,data/raw/dataset-resized/trash/trash49.jpg,data/processed/train/trash/trash_0080.jpg
train,trash,data/raw/dataset-resized/trash/trash122.jpg,data/processed/train/trash/trash_0081.jpg
train,trash,data/raw/dataset-resized/trash/trash22.jpg,data/processed/train/trash/trash_0082.jpg
train,trash,data/raw/dataset-resized/trash/trash116.jpg,data/processed/train/trash/trash_0083.jpg
train,trash,data/raw/dataset-resized/trash/trash86.jpg,data/processed/train/trash/trash_0084.jpg
train,trash,data/raw/dataset-resized/trash/trash135.jpg,data/processed/train/trash/trash_0085.jpg
train,trash,data/raw/dataset-resized/trash/trash26.jpg,data/processed/train/trash/trash_0086.jpg
train,trash,data/raw/dataset-resized/trash/trash100.jpg,data/processed/train/trash/trash_0087.jpg
train,trash,data/raw/dataset-resized/trash/trash120.jpg,data/processed/train/trash/trash_0088.jpg
train,trash,data/raw/dataset-resized/trash/trash87.jpg,data/processed/train/trash/trash_0089.jpg
train,trash,data/raw/dataset-resized/trash/trash70.jpg,data/processed/train/trash/trash_0090.jpg
train,trash,data/raw/dataset-resized/trash/trash90.jpg,data/processed/train/trash/trash_0091.jpg
train,trash,data/raw/dataset-resized/trash/trash127.jpg,data/processed/train/trash/trash_0092.jpg
train,trash,data/raw/dataset-resized/trash/trash54.jpg,data/processed/train/trash/trash_0093.jpg
train,trash,data/raw/dataset-resized/trash/trash115.jpg,data/processed/train/trash/trash_0094.jpg
train,trash,data/raw/dataset-resized/trash/trash19.jpg,data/processed/train/trash/trash_0095.jpg
validation,cardboard,data/raw/dataset-resized/cardboard/cardboard333.jpg,data/processed/validation/cardboard/cardboard_0001.jpg
validation,cardboard,data/raw/dataset-resized/cardboard/cardboard162.jpg,data/processed/validation/cardboard/cardboard_0002.jpg
validation,cardboard,data/raw/dataset-resized/cardboard/cardboard379.jpg,data/processed/validation/cardboard/cardboard_0003.jpg
validation,cardboard,data/raw/dataset-resized/cardboard/cardboard42.jpg,data/processed/validation/cardboard/cardboard_0004.jpg
validation,cardboard,data/raw/dataset-resized/cardboard/cardboard283.jpg,data/processed/validation/cardboard/cardboard_0005.jpg
validation,cardboard,data/raw/dataset-resized/cardboard/cardboard297.jpg,data/processed/validation/cardboard/cardboard_0006.jpg
validation,cardboard,data/raw/dataset-resized/cardboard/cardboard22.jpg,data/processed/validation/cardboard/cardboard_0007.jpg
validation,cardboard,data/raw/dataset-resized/cardboard/cardboard347.jpg,data/processed/validation/cardboard/cardboard_0008.jpg
validation,cardboard,data/raw/dataset-resized/cardboard/cardboard77.jpg,data/processed/validation/cardboard/cardboard_0009.jpg
validation,cardboard,data/raw/dataset-resized/cardboard/cardboard212.jpg,data/processed/validation/cardboard/cardboard_0010.jpg
validation,cardboard,data/raw/dataset-resized/cardboard/cardboard92.jpg,data/processed/validation/cardboard/cardboard_0011.jpg
validation,cardboard,data/raw/dataset-resized/cardboard/cardboard52.jpg,data/processed/validation/cardboard/cardboard_0012.jpg
validation,cardboard,data/raw/dataset-resized/cardboard/cardboard165.jpg,data/processed/validation/cardboard/cardboard_0013.jpg
validation,cardboard,data/raw/dataset-resized/cardboard/cardboard31.jpg,data/processed/validation/cardboard/cardboard_0014.jpg
validation,cardboard,data/raw/dataset-resized/cardboard/cardboard281.jpg,data/processed/validation/cardboard/cardboard_0015.jpg
validation,cardboard,data/raw/dataset-resized/cardboard/cardboard329.jpg,data/processed/validation/cardboard/cardboard_0016.jpg
validation,cardboard,data/raw/dataset-resized/cardboard/cardboard69.jpg,data/processed/validation/cardboard/cardboard_0017.jpg
validation,cardboard,data/raw/dataset-resized/cardboard/cardboard374.jpg,data/processed/validation/cardboard/cardboard_0018.jpg
validation,cardboard,data/raw/dataset-resized/cardboard/cardboard360.jpg,data/processed/validation/cardboard/cardboard_0019.jpg
validation,cardboard,data/raw/dataset-resized/cardboard/cardboard197.jpg,data/processed/validation/cardboard/cardboard_0020.jpg
validation,cardboard,data/raw/dataset-resized/cardboard/cardboard129.jpg,data/processed/validation/cardboard/cardboard_0021.jpg
validation,cardboard,data/raw/dataset-resized/cardboard/cardboard222.jpg,data/processed/validation/cardboard/cardboard_0022.jpg
validation,cardboard,data/raw/dataset-resized/cardboard/cardboard284.jpg,data/processed/validation/cardboard/cardboard_0023.jpg
validation,cardboard,data/raw/dataset-resized/cardboard/cardboard244.jpg,data/processed/validation/cardboard/cardboard_0024.jpg
validation,cardboard,data/raw/dataset-resized/cardboard/cardboard84.jpg,data/processed/validation/cardboard/cardboard_0025.jpg
validation,cardboard,data/raw/dataset-resized/cardboard/cardboard204.jpg,data/processed/validation/cardboard/cardboard_0026.jpg
validation,cardboard,data/raw/dataset-resized/cardboard/cardboard124.jpg,data/processed/validation/cardboard/cardboard_0027.jpg
validation,cardboard,data/raw/dataset-resized/cardboard/cardboard249.jpg,data/processed/validation/cardboard/cardboard_0028.jpg
validation,cardboard,data/raw/dataset-resized/cardboard/cardboard70.jpg,data/processed/validation/cardboard/cardboard_0029.jpg
validation,cardboard,data/raw/dataset-resized/cardboard/cardboard356.jpg,data/processed/validation/cardboard/cardboard_0030.jpg
validation,cardboard,data/raw/dataset-resized/cardboard/cardboard223.jpg,data/processed/validation/cardboard/cardboard_0031.jpg
validation,cardboard,data/raw/dataset-resized/cardboard/cardboard397.jpg,data/processed/validation/cardboard/cardboard_0032.jpg
validation,cardboard,data/raw/dataset-resized/cardboard/cardboard311.jpg,data/processed/validation/cardboard/cardboard_0033.jpg
validation,cardboard,data/raw/dataset-resized/cardboard/cardboard99.jpg,data/processed/validation/cardboard/cardboard_0034.jpg
validation,cardboard,data/raw/dataset-resized/cardboard/cardboard94.jpg,data/processed/validation/cardboard/cardboard_0035.jpg
validation,cardboard,data/raw/dataset-resized/cardboard/cardboard345.jpg,data/processed/validation/cardboard/cardboard_0036.jpg
validation,cardboard,data/raw/dataset-resized/cardboard/cardboard178.jpg,data/processed/validation/cardboard/cardboard_0037.jpg
validation,cardboard,data/raw/dataset-resized/cardboard/cardboard38.jpg,data/processed/validation/cardboard/cardboard_0038.jpg
validation,cardboard,data/raw/dataset-resized/cardboard/cardboard131.jpg,data/processed/validation/cardboard/cardboard_0039.jpg
validation,cardboard,data/raw/dataset-resized/cardboard/cardboard221.jpg,data/processed/validation/cardboard/cardboard_0040.jpg
validation,cardboard,data/raw/dataset-resized/cardboard/cardboard196.jpg,data/processed/validation/cardboard/cardboard_0041.jpg
validation,cardboard,data/raw/dataset-resized/cardboard/cardboard262.jpg,data/processed/validation/cardboard/cardboard_0042.jpg
validation,cardboard,data/raw/dataset-resized/cardboard/cardboard27.jpg,data/processed/validation/cardboard/cardboard_0043.jpg
validation,cardboard,data/raw/dataset-resized/cardboard/cardboard174.jpg,data/processed/validation/cardboard/cardboard_0044.jpg
validation,cardboard,data/raw/dataset-resized/cardboard/cardboard267.jpg,data/processed/validation/cardboard/cardboard_0045.jpg
validation,cardboard,data/raw/dataset-resized/cardboard/cardboard392.jpg,data/processed/validation/cardboard/cardboard_0046.jpg
validation,cardboard,data/raw/dataset-resized/cardboard/cardboard308.jpg,data/processed/validation/cardboard/cardboard_0047.jpg
validation,cardboard,data/raw/dataset-resized/cardboard/cardboard62.jpg,data/processed/validation/cardboard/cardboard_0048.jpg
validation,cardboard,data/raw/dataset-resized/cardboard/cardboard57.jpg,data/processed/validation/cardboard/cardboard_0049.jpg
validation,cardboard,data/raw/dataset-resized/cardboard/cardboard145.jpg,data/processed/validation/cardboard/cardboard_0050.jpg
validation,cardboard,data/raw/dataset-resized/cardboard/cardboard80.jpg,data/processed/validation/cardboard/cardboard_0051.jpg
validation,cardboard,data/raw/dataset-resized/cardboard/cardboard47.jpg,data/processed/validation/cardboard/cardboard_0052.jpg
validation,cardboard,data/raw/dataset-resized/cardboard/cardboard232.jpg,data/processed/validation/cardboard/cardboard_0053.jpg
validation,cardboard,data/raw/dataset-resized/cardboard/cardboard203.jpg,data/processed/validation/cardboard/cardboard_0054.jpg
validation,cardboard,data/raw/dataset-resized/cardboard/cardboard12.jpg,data/processed/validation/cardboard/cardboard_0055.jpg
validation,cardboard,data/raw/dataset-resized/cardboard/cardboard130.jpg,data/processed/validation/cardboard/cardboard_0056.jpg
validation,cardboard,data/raw/dataset-resized/cardboard/cardboard188.jpg,data/processed/validation/cardboard/cardboard_0057.jpg
validation,cardboard,data/raw/dataset-resized/cardboard/cardboard365.jpg,data/processed/validation/cardboard/cardboard_0058.jpg
validation,cardboard,data/raw/dataset-resized/cardboard/cardboard266.jpg,data/processed/validation/cardboard/cardboard_0059.jpg
validation,cardboard,data/raw/dataset-resized/cardboard/cardboard384.jpg,data/processed/validation/cardboard/cardboard_0060.jpg
validation,glass,data/raw/dataset-resized/glass/glass53.jpg,data/processed/validation/glass/glass_0001.jpg
validation,glass,data/raw/dataset-resized/glass/glass241.jpg,data/processed/validation/glass/glass_0002.jpg
validation,glass,data/raw/dataset-resized/glass/glass332.jpg,data/processed/validation/glass/glass_0003.jpg
validation,glass,data/raw/dataset-resized/glass/glass237.jpg,data/processed/validation/glass/glass_0004.jpg
validation,glass,data/raw/dataset-resized/glass/glass156.jpg,data/processed/validation/glass/glass_0005.jpg
validation,glass,data/raw/dataset-resized/glass/glass404.jpg,data/processed/validation/glass/glass_0006.jpg
validation,glass,data/raw/dataset-resized/glass/glass441.jpg,data/processed/validation/glass/glass_0007.jpg
validation,glass,data/raw/dataset-resized/glass/glass387.jpg,data/processed/validation/glass/glass_0008.jpg
validation,glass,data/raw/dataset-resized/glass/glass453.jpg,data/processed/validation/glass/glass_0009.jpg
validation,glass,data/raw/dataset-resized/glass/glass405.jpg,data/processed/validation/glass/glass_0010.jpg
validation,glass,data/raw/dataset-resized/glass/glass461.jpg,data/processed/validation/glass/glass_0011.jpg
validation,glass,data/raw/dataset-resized/glass/glass72.jpg,data/processed/validation/glass/glass_0012.jpg
validation,glass,data/raw/dataset-resized/glass/glass60.jpg,data/processed/validation/glass/glass_0013.jpg
validation,glass,data/raw/dataset-resized/glass/glass19.jpg,data/processed/validation/glass/glass_0014.jpg
validation,glass,data/raw/dataset-resized/glass/glass408.jpg,data/processed/validation/glass/glass_0015.jpg
validation,glass,data/raw/dataset-resized/glass/glass415.jpg,data/processed/validation/glass/glass_0016.jpg
validation,glass,data/raw/dataset-resized/glass/glass347.jpg,data/processed/validation/glass/glass_0017.jpg
validation,glass,data/raw/dataset-resized/glass/glass339.jpg,data/processed/validation/glass/glass_0018.jpg
validation,glass,data/raw/dataset-resized/glass/glass1.jpg,data/processed/validation/glass/glass_0019.jpg
validation,glass,data/raw/dataset-resized/glass/glass82.jpg,data/processed/validation/glass/glass_0020.jpg
validation,glass,data/raw/dataset-resized/glass/glass425.jpg,data/processed/validation/glass/glass_0021.jpg
validation,glass,data/raw/dataset-resized/glass/glass9.jpg,data/processed/validation/glass/glass_0022.jpg
validation,glass,data/raw/dataset-resized/glass/glass216.jpg,data/processed/validation/glass/glass_0023.jpg
validation,glass,data/raw/dataset-resized/glass/glass187.jpg,data/processed/validation/glass/glass_0024.jpg
validation,glass,data/raw/dataset-resized/glass/glass365.jpg,data/processed/validation/glass/glass_0025.jpg
validation,glass,data/raw/dataset-resized/glass/glass277.jpg,data/processed/validation/glass/glass_0026.jpg
validation,glass,data/raw/dataset-resized/glass/glass451.jpg,data/processed/validation/glass/glass_0027.jpg
validation,glass,data/raw/dataset-resized/glass/glass334.jpg,data/processed/validation/glass/glass_0028.jpg
validation,glass,data/raw/dataset-resized/glass/glass379.jpg,data/processed/validation/glass/glass_0029.jpg
validation,glass,data/raw/dataset-resized/glass/glass30.jpg,data/processed/validation/glass/glass_0030.jpg
validation,glass,data/raw/dataset-resized/glass/glass243.jpg,data/processed/validation/glass/glass_0031.jpg
validation,glass,data/raw/dataset-resized/glass/glass435.jpg,data/processed/validation/glass/glass_0032.jpg
validation,glass,data/raw/dataset-resized/glass/glass258.jpg,data/processed/validation/glass/glass_0033.jpg
validation,glass,data/raw/dataset-resized/glass/glass3.jpg,data/processed/validation/glass/glass_0034.jpg
validation,glass,data/raw/dataset-resized/glass/glass374.jpg,data/processed/validation/glass/glass_0035.jpg
validation,glass,data/raw/dataset-resized/glass/glass478.jpg,data/processed/validation/glass/glass_0036.jpg
validation,glass,data/raw/dataset-resized/glass/glass476.jpg,data/processed/validation/glass/glass_0037.jpg
validation,glass,data/raw/dataset-resized/glass/glass220.jpg,data/processed/validation/glass/glass_0038.jpg
validation,glass,data/raw/dataset-resized/glass/glass367.jpg,data/processed/validation/glass/glass_0039.jpg
validation,glass,data/raw/dataset-resized/glass/glass490.jpg,data/processed/validation/glass/glass_0040.jpg
validation,glass,data/raw/dataset-resized/glass/glass219.jpg,data/processed/validation/glass/glass_0041.jpg
validation,glass,data/raw/dataset-resized/glass/glass152.jpg,data/processed/validation/glass/glass_0042.jpg
validation,glass,data/raw/dataset-resized/glass/glass111.jpg,data/processed/validation/glass/glass_0043.jpg
validation,glass,data/raw/dataset-resized/glass/glass251.jpg,data/processed/validation/glass/glass_0044.jpg
validation,glass,data/raw/dataset-resized/glass/glass346.jpg,data/processed/validation/glass/glass_0045.jpg
validation,glass,data/raw/dataset-resized/glass/glass411.jpg,data/processed/validation/glass/glass_0046.jpg
validation,glass,data/raw/dataset-resized/glass/glass464.jpg,data/processed/validation/glass/glass_0047.jpg
validation,glass,data/raw/dataset-resized/glass/glass333.jpg,data/processed/validation/glass/glass_0048.jpg
validation,glass,data/raw/dataset-resized/glass/glass395.jpg,data/processed/validation/glass/glass_0049.jpg
validation,glass,data/raw/dataset-resized/glass/glass471.jpg,data/processed/validation/glass/glass_0050.jpg
validation,glass,data/raw/dataset-resized/glass/glass48.jpg,data/processed/validation/glass/glass_0051.jpg
validation,glass,data/raw/dataset-resized/glass/glass455.jpg,data/processed/validation/glass/glass_0052.jpg
validation,glass,data/raw/dataset-resized/glass/glass130.jpg,data/processed/validation/glass/glass_0053.jpg
validation,glass,data/raw/dataset-resized/glass/glass227.jpg,data/processed/validation/glass/glass_0054.jpg
validation,glass,data/raw/dataset-resized/glass/glass250.jpg,data/processed/validation/glass/glass_0055.jpg
validation,glass,data/raw/dataset-resized/glass/glass283.jpg,data/processed/validation/glass/glass_0056.jpg
validation,glass,data/raw/dataset-resized/glass/glass188.jpg,data/processed/validation/glass/glass_0057.jpg
validation,glass,data/raw/dataset-resized/glass/glass402.jpg,data/processed/validation/glass/glass_0058.jpg
validation,glass,data/raw/dataset-resized/glass/glass491.jpg,data/processed/validation/glass/glass_0059.jpg
validation,glass,data/raw/dataset-resized/glass/glass201.jpg,data/processed/validation/glass/glass_0060.jpg
validation,glass,data/raw/dataset-resized/glass/glass203.jpg,data/processed/validation/glass/glass_0061.jpg
validation,glass,data/raw/dataset-resized/glass/glass6.jpg,data/processed/validation/glass/glass_0062.jpg
validation,glass,data/raw/dataset-resized/glass/glass24.jpg,data/processed/validation/glass/glass_0063.jpg
validation,glass,data/raw/dataset-resized/glass/glass260.jpg,data/processed/validation/glass/glass_0064.jpg
validation,glass,data/raw/dataset-resized/glass/glass310.jpg,data/processed/validation/glass/glass_0065.jpg
validation,glass,data/raw/dataset-resized/glass/glass191.jpg,data/processed/validation/glass/glass_0066.jpg
validation,glass,data/raw/dataset-resized/glass/glass200.jpg,data/processed/validation/glass/glass_0067.jpg
validation,glass,data/raw/dataset-resized/glass/glass315.jpg,data/processed/validation/glass/glass_0068.jpg
validation,glass,data/raw/dataset-resized/glass/glass116.jpg,data/processed/validation/glass/glass_0069.jpg
validation,glass,data/raw/dataset-resized/glass/glass275.jpg,data/processed/validation/glass/glass_0070.jpg
validation,glass,data/raw/dataset-resized/glass/glass149.jpg,data/processed/validation/glass/glass_0071.jpg
validation,glass,data/raw/dataset-resized/glass/glass422.jpg,data/processed/validation/glass/glass_0072.jpg
validation,glass,data/raw/dataset-resized/glass/glass462.jpg,data/processed/validation/glass/glass_0073.jpg
validation,glass,data/raw/dataset-resized/glass/glass172.jpg,data/processed/validation/glass/glass_0074.jpg
validation,glass,data/raw/dataset-resized/glass/glass221.jpg,data/processed/validation/glass/glass_0075.jpg
validation,metal,data/raw/dataset-resized/metal/metal227.jpg,data/processed/validation/metal/metal_0001.jpg
validation,metal,data/raw/dataset-resized/metal/metal58.jpg,data/processed/validation/metal/metal_0002.jpg
validation,metal,data/raw/dataset-resized/metal/metal338.jpg,data/processed/validation/metal/metal_0003.jpg
validation,metal,data/raw/dataset-resized/metal/metal45.jpg,data/processed/validation/metal/metal_0004.jpg
validation,metal,data/raw/dataset-resized/metal/metal18.jpg,data/processed/validation/metal/metal_0005.jpg
validation,metal,data/raw/dataset-resized/metal/metal37.jpg,data/processed/validation/metal/metal_0006.jpg
validation,metal,data/raw/dataset-resized/metal/metal222.jpg,data/processed/validation/metal/metal_0007.jpg
validation,metal,data/raw/dataset-resized/metal/metal108.jpg,data/processed/validation/metal/metal_0008.jpg
validation,metal,data/raw/dataset-resized/metal/metal204.jpg,data/processed/validation/metal/metal_0009.jpg
validation,metal,data/raw/dataset-resized/metal/metal140.jpg,data/processed/validation/metal/metal_0010.jpg
validation,metal,data/raw/dataset-resized/metal/metal110.jpg,data/processed/validation/metal/metal_0011.jpg
validation,metal,data/raw/dataset-resized/metal/metal214.jpg,data/processed/validation/metal/metal_0012.jpg
validation,metal,data/raw/dataset-resized/metal/metal248.jpg,data/processed/validation/metal/metal_0013.jpg
validation,metal,data/raw/dataset-resized/metal/metal299.jpg,data/processed/validation/metal/metal_0014.jpg
validation,metal,data/raw/dataset-resized/metal/metal117.jpg,data/processed/validation/metal/metal_0015.jpg
validation,metal,data/raw/dataset-resized/metal/metal44.jpg,data/processed/validation/metal/metal_0016.jpg
validation,metal,data/raw/dataset-resized/metal/metal38.jpg,data/processed/validation/metal/metal_0017.jpg
validation,metal,data/raw/dataset-resized/metal/metal326.jpg,data/processed/validation/metal/metal_0018.jpg
validation,metal,data/raw/dataset-resized/metal/metal348.jpg,data/processed/validation/metal/metal_0019.jpg
validation,metal,data/raw/dataset-resized/metal/metal33.jpg,data/processed/validation/metal/metal_0020.jpg
validation,metal,data/raw/dataset-resized/metal/metal224.jpg,data/processed/validation/metal/metal_0021.jpg
validation,metal,data/raw/dataset-resized/metal/metal285.jpg,data/processed/validation/metal/metal_0022.jpg
validation,metal,data/raw/dataset-resized/metal/metal7.jpg,data/processed/validation/metal/metal_0023.jpg
validation,metal,data/raw/dataset-resized/metal/metal314.jpg,data/processed/validation/metal/metal_0024.jpg
validation,metal,data/raw/dataset-resized/metal/metal156.jpg,data/processed/validation/metal/metal_0025.jpg
validation,metal,data/raw/dataset-resized/metal/metal300.jpg,data/processed/validation/metal/metal_0026.jpg
validation,metal,data/raw/dataset-resized/metal/metal40.jpg,data/processed/validation/metal/metal_0027.jpg
validation,metal,data/raw/dataset-resized/metal/metal53.jpg,data/processed/validation/metal/metal_0028.jpg
validation,metal,data/raw/dataset-resized/metal/metal404.jpg,data/processed/validation/metal/metal_0029.jpg
validation,metal,data/raw/dataset-resized/metal/metal240.jpg,data/processed/validation/metal/metal_0030.jpg
validation,metal,data/raw/dataset-resized/metal/metal175.jpg,data/processed/validation/metal/metal_0031.jpg
validation,metal,data/raw/dataset-resized/metal/metal97.jpg,data/processed/validation/metal/metal_0032.jpg
validation,metal,data/raw/dataset-resized/metal/metal398.jpg,data/processed/validation/metal/metal_0033.jpg
validation,metal,data/raw/dataset-resized/metal/metal164.jpg,data/processed/validation/metal/metal_0034.jpg
validation,metal,data/raw/dataset-resized/metal/metal221.jpg,data/processed/validation/metal/metal_0035.jpg
validation,metal,data/raw/dataset-resized/metal/metal71.jpg,data/processed/validation/metal/metal_0036.jpg
validation,metal,data/raw/dataset-resized/metal/metal61.jpg,data/processed/validation/metal/metal_0037.jpg
validation,metal,data/raw/dataset-resized/metal/metal35.jpg,data/processed/validation/metal/metal_0038.jpg
validation,metal,data/raw/dataset-resized/metal/metal80.jpg,data/processed/validation/metal/metal_0039.jpg
validation,metal,data/raw/dataset-resized/metal/metal295.jpg,data/processed/validation/metal/metal_0040.jpg
validation,metal,data/raw/dataset-resized/metal/metal190.jpg,data/processed/validation/metal/metal_0041.jpg
validation,metal,data/raw/dataset-resized/metal/metal56.jpg,data/processed/validation/metal/metal_0042.jpg
validation,metal,data/raw/dataset-resized/metal/metal48.jpg,data/processed/validation/metal/metal_0043.jpg
validation,metal,data/raw/dataset-resized/metal/metal74.jpg,data/processed/validation/metal/metal_0044.jpg
validation,metal,data/raw/dataset-resized/metal/metal206.jpg,data/processed/validation/metal/metal_0045.jpg
validation,metal,data/raw/dataset-resized/metal/metal131.jpg,data/processed/validation/metal/metal_0046.jpg
validation,metal,data/raw/dataset-resized/metal/metal308.jpg,data/processed/validation/metal/metal_0047.jpg
validation,metal,data/raw/dataset-resized/metal/metal229.jpg,data/processed/validation/metal/metal_0048.jpg
validation,metal,data/raw/dataset-resized/metal/metal231.jpg,data/processed/validation/metal/metal_0049.jpg
validation,metal,data/raw/dataset-resized/metal/metal205.jpg,data/processed/validation/metal/metal_0050.jpg
validation,metal,data/raw/dataset-resized/metal/metal113.jpg,data/processed/validation/metal/metal_0051.jpg
validation,metal,data/raw/dataset-resized/metal/metal98.jpg,data/processed/validation/metal/metal_0052.jpg
validation,metal,data/raw/dataset-resized/metal/metal88.jpg,data/processed/validation/metal/metal_0053.jpg
validation,metal,data/raw/dataset-resized/metal/metal373.jpg,data/processed/validation/metal/metal_0054.jpg
validation,metal,data/raw/dataset-resized/metal/metal59.jpg,data/processed/validation/metal/metal_0055.jpg
validation,metal,data/raw/dataset-resized/metal/metal288.jpg,data/processed/validation/metal/metal_0056.jpg
validation,metal,data/raw/dataset-resized/metal/metal10.jpg,data/processed/validation/metal/metal_0057.jpg
validation,metal,data/raw/dataset-resized/metal/metal43.jpg,data/processed/validation/metal/metal_0058.jpg
validation,metal,data/raw/dataset-resized/metal/metal133.jpg,data/processed/validation/metal/metal_0059.jpg
validation,metal,data/raw/dataset-resized/metal/metal353.jpg,data/processed/validation/metal/metal_0060.jpg
validation,metal,data/raw/dataset-resized/metal/metal179.jpg,data/processed/validation/metal/metal_0061.jpg
validation,paper,data/raw/dataset-resized/paper/paper68.jpg,data/processed/validation/paper/paper_0001.jpg
validation,paper,data/raw/dataset-resized/paper/paper52.jpg,data/processed/validation/paper/paper_0002.jpg
validation,paper,data/raw/dataset-resized/paper/paper243.jpg,data/processed/validation/paper/paper_0003.jpg
validation,paper,data/raw/dataset-resized/paper/paper142.jpg,data/processed/validation/paper/paper_0004.jpg
validation,paper,data/raw/dataset-resized/paper/paper435.jpg,data/processed/validation/paper/paper_0005.jpg
validation,paper,data/raw/dataset-resized/paper/paper573.jpg,data/processed/validation/paper/paper_0006.jpg
validation,paper,data/raw/dataset-resized/paper/paper283.jpg,data/processed/validation/paper/paper_0007.jpg
validation,paper,data/raw/dataset-resized/paper/paper498.jpg,data/processed/validation/paper/paper_0008.jpg
validation,paper,data/raw/dataset-resized/paper/paper480.jpg,data/processed/validation/paper/paper_0009.jpg
validation,paper,data/raw/dataset-resized/paper/paper255.jpg,data/processed/validation/paper/paper_0010.jpg
validation,paper,data/raw/dataset-resized/paper/paper29.jpg,data/processed/validation/paper/paper_0011.jpg
validation,paper,data/raw/dataset-resized/paper/paper203.jpg,data/processed/validation/paper/paper_0012.jpg
validation,paper,data/raw/dataset-resized/paper/paper538.jpg,data/processed/validation/paper/paper_0013.jpg
validation,paper,data/raw/dataset-resized/paper/paper495.jpg,data/processed/validation/paper/paper_0014.jpg
validation,paper,data/raw/dataset-resized/paper/paper90.jpg,data/processed/validation/paper/paper_0015.jpg
validation,paper,data/raw/dataset-resized/paper/paper431.jpg,data/processed/validation/paper/paper_0016.jpg
validation,paper,data/raw/dataset-resized/paper/paper585.jpg,data/processed/validation/paper/paper_0017.jpg
validation,paper,data/raw/dataset-resized/paper/paper453.jpg,data/processed/validation/paper/paper_0018.jpg
validation,paper,data/raw/dataset-resized/paper/paper4.jpg,data/processed/validation/paper/paper_0019.jpg
validation,paper,data/raw/dataset-resized/paper/paper86.jpg,data/processed/validation/paper/paper_0020.jpg
validation,paper,data/raw/dataset-resized/paper/paper547.jpg,data/processed/validation/paper/paper_0021.jpg
validation,paper,data/raw/dataset-resized/paper/paper422.jpg,data/processed/validation/paper/paper_0022.jpg
validation,paper,data/raw/dataset-resized/paper/paper465.jpg,data/processed/validation/paper/paper_0023.jpg
validation,paper,data/raw/dataset-resized/paper/paper144.jpg,data/processed/validation/paper/paper_0024.jpg
validation,paper,data/raw/dataset-resized/paper/paper298.jpg,data/processed/validation/paper/paper_0025.jpg
validation,paper,data/raw/dataset-resized/paper/paper82.jpg,data/processed/validation/paper/paper_0026.jpg
validation,paper,data/raw/dataset-resized/paper/paper331.jpg,data/processed/validation/paper/paper_0027.jpg
validation,paper,data/raw/dataset-resized/paper/paper308.jpg,data/processed/validation/paper/paper_0028.jpg
validation,paper,data/raw/dataset-resized/paper/paper234.jpg,data/processed/validation/paper/paper_0029.jpg
validation,paper,data/raw/dataset-resized/paper/paper343.jpg,data/processed/validation/paper/paper_0030.jpg
validation,paper,data/raw/dataset-resized/paper/paper374.jpg,data/processed/validation/paper/paper_0031.jpg
validation,paper,data/raw/dataset-resized/paper/paper275.jpg,data/processed/validation/paper/paper_0032.jpg
validation,paper,data/raw/dataset-resized/paper/paper249.jpg,data/processed/validation/paper/paper_0033.jpg
validation,paper,data/raw/dataset-resized/paper/paper516.jpg,data/processed/validation/paper/paper_0034.jpg
validation,paper,data/raw/dataset-resized/paper/paper351.jpg,data/processed/validation/paper/paper_0035.jpg
validation,paper,data/raw/dataset-resized/paper/paper369.jpg,data/processed/validation/paper/paper_0036.jpg
validation,paper,data/raw/dataset-resized/paper/paper391.jpg,data/processed/validation/paper/paper_0037.jpg
validation,paper,data/raw/dataset-resized/paper/paper387.jpg,data/processed/validation/paper/paper_0038.jpg
validation,paper,data/raw/dataset-resized/paper/paper225.jpg,data/processed/validation/paper/paper_0039.jpg
validation,paper,data/raw/dataset-resized/paper/paper63.jpg,data/processed/validation/paper/paper_0040.jpg
validation,paper,data/raw/dataset-resized/paper/paper60.jpg,data/processed/validation/paper/paper_0041.jpg
validation,paper,data/raw/dataset-resized/paper/paper167.jpg,data/processed/validation/paper/paper_0042.jpg
validation,paper,data/raw/dataset-resized/paper/paper77.jpg,data/processed/validation/paper/paper_0043.jpg
validation,paper,data/raw/dataset-resized/paper/paper247.jpg,data/processed/validation/paper/paper_0044.jpg
validation,paper,data/raw/dataset-resized/paper/paper136.jpg,data/processed/validation/paper/paper_0045.jpg
validation,paper,data/raw/dataset-resized/paper/paper513.jpg,data/processed/validation/paper/paper_0046.jpg
validation,paper,data/raw/dataset-resized/paper/paper132.jpg,data/processed/validation/paper/paper_0047.jpg
validation,paper,data/raw/dataset-resized/paper/paper303.jpg,data/processed/validation/paper/paper_0048.jpg
validation,paper,data/raw/dataset-resized/paper/paper427.jpg,data/processed/validation/paper/paper_0049.jpg
validation,paper,data/raw/dataset-resized/paper/paper325.jpg,data/processed/validation/paper/paper_0050.jpg
validation,paper,data/raw/dataset-resized/paper/paper539.jpg,data/processed/validation/paper/paper_0051.jpg
validation,paper,data/raw/dataset-resized/paper/paper415.jpg,data/processed/validation/paper/paper_0052.jpg
validation,paper,data/raw/dataset-resized/paper/paper296.jpg,data/processed/validation/paper/paper_0053.jpg
validation,paper,data/raw/dataset-resized/paper/paper284.jpg,data/processed/validation/paper/paper_0054.jpg
validation,paper,data/raw/dataset-resized/paper/paper49.jpg,data/processed/validation/paper/paper_0055.jpg
validation,paper,data/raw/dataset-resized/paper/paper32.jpg,data/processed/validation/paper/paper_0056.jpg
validation,paper,data/raw/dataset-resized/paper/paper127.jpg,data/processed/validation/paper/paper_0057.jpg
validation,paper,data/raw/dataset-resized/paper/paper560.jpg,data/processed/validation/paper/paper_0058.jpg
validation,paper,data/raw/dataset-resized/paper/paper396.jpg,data/processed/validation/paper/paper_0059.jpg
validation,paper,data/raw/dataset-resized/paper/paper31.jpg,data/processed/validation/paper/paper_0060.jpg
validation,paper,data/raw/dataset-resized/paper/paper238.jpg,data/processed/validation/paper/paper_0061.jpg
validation,paper,data/raw/dataset-resized/paper/paper339.jpg,data/processed/validation/paper/paper_0062.jpg
validation,paper,data/raw/dataset-resized/paper/paper402.jpg,data/processed/validation/paper/paper_0063.jpg
validation,paper,data/raw/dataset-resized/paper/paper499.jpg,data/processed/validation/paper/paper_0064.jpg
validation,paper,data/raw/dataset-resized/paper/paper582.jpg,data/processed/validation/paper/paper_0065.jpg
validation,paper,data/raw/dataset-resized/paper/paper460.jpg,data/processed/validation/paper/paper_0066.jpg
validation,paper,data/raw/dataset-resized/paper/paper434.jpg,data/processed/validation/paper/paper_0067.jpg
validation,paper,data/raw/dataset-resized/paper/paper119.jpg,data/processed/validation/paper/paper_0068.jpg
validation,paper,data/raw/dataset-resized/paper/paper382.jpg,data/processed/validation/paper/paper_0069.jpg
validation,paper,data/raw/dataset-resized/paper/paper535.jpg,data/processed/validation/paper/paper_0070.jpg
validation,paper,data/raw/dataset-resized/paper/paper200.jpg,data/processed/validation/paper/paper_0071.jpg
validation,paper,data/raw/dataset-resized/paper/paper330.jpg,data/processed/validation/paper/paper_0072.jpg
validation,paper,data/raw/dataset-resized/paper/paper307.jpg,data/processed/validation/paper/paper_0073.jpg
validation,paper,data/raw/dataset-resized/paper/paper149.jpg,data/processed/validation/paper/paper_0074.jpg
validation,paper,data/raw/dataset-resized/paper/paper372.jpg,data/processed/validation/paper/paper_0075.jpg
validation,paper,data/raw/dataset-resized/paper/paper335.jpg,data/processed/validation/paper/paper_0076.jpg
validation,paper,data/raw/dataset-resized/paper/paper266.jpg,data/processed/validation/paper/paper_0077.jpg
validation,paper,data/raw/dataset-resized/paper/paper458.jpg,data/processed/validation/paper/paper_0078.jpg
validation,paper,data/raw/dataset-resized/paper/paper305.jpg,data/processed/validation/paper/paper_0079.jpg
validation,paper,data/raw/dataset-resized/paper/paper318.jpg,data/processed/validation/paper/paper_0080.jpg
validation,paper,data/raw/dataset-resized/paper/paper128.jpg,data/processed/validation/paper/paper_0081.jpg
validation,paper,data/raw/dataset-resized/paper/paper442.jpg,data/processed/validation/paper/paper_0082.jpg
validation,paper,data/raw/dataset-resized/paper/paper151.jpg,data/processed/validation/paper/paper_0083.jpg
validation,paper,data/raw/dataset-resized/paper/paper341.jpg,data/processed/validation/paper/paper_0084.jpg
validation,paper,data/raw/dataset-resized/paper/paper293.jpg,data/processed/validation/paper/paper_0085.jpg
validation,paper,data/raw/dataset-resized/paper/paper72.jpg,data/processed/validation/paper/paper_0086.jpg
validation,paper,data/raw/dataset-resized/paper/paper84.jpg,data/processed/validation/paper/paper_0087.jpg
validation,paper,data/raw/dataset-resized/paper/paper562.jpg,data/processed/validation/paper/paper_0088.jpg
validation,paper,data/raw/dataset-resized/paper/paper220.jpg,data/processed/validation/paper/paper_0089.jpg
validation,plastic,data/raw/dataset-resized/plastic/plastic442.jpg,data/processed/validation/plastic/plastic_0001.jpg
validation,plastic,data/raw/dataset-resized/plastic/plastic78.jpg,data/processed/validation/plastic/plastic_0002.jpg
validation,plastic,data/raw/dataset-resized/plastic/plastic188.jpg,data/processed/validation/plastic/plastic_0003.jpg
validation,plastic,data/raw/dataset-resized/plastic/plastic4.jpg,data/processed/validation/plastic/plastic_0004.jpg
validation,plastic,data/raw/dataset-resized/plastic/plastic419.jpg,data/processed/validation/plastic/plastic_0005.jpg
validation,plastic,data/raw/dataset-resized/plastic/plastic444.jpg,data/processed/validation/plastic/plastic_0006.jpg
validation,plastic,data/raw/dataset-resized/plastic/plastic318.jpg,data/processed/validation/plastic/plastic_0007.jpg
validation,plastic,data/raw/dataset-resized/plastic/plastic454.jpg,data/processed/validation/plastic/plastic_0008.jpg
validation,plastic,data/raw/dataset-resized/plastic/plastic283.jpg,data/processed/validation/plastic/plastic_0009.jpg
validation,plastic,data/raw/dataset-resized/plastic/plastic473.jpg,data/processed/validation/plastic/plastic_0010.jpg
validation,plastic,data/raw/dataset-resized/plastic/plastic242.jpg,data/processed/validation/plastic/plastic_0011.jpg
validation,plastic,data/raw/dataset-resized/plastic/plastic245.jpg,data/processed/validation/plastic/plastic_0012.jpg
validation,plastic,data/raw/dataset-resized/plastic/plastic118.jpg,data/processed/validation/plastic/plastic_0013.jpg
validation,plastic,data/raw/dataset-resized/plastic/plastic192.jpg,data/processed/validation/plastic/plastic_0014.jpg
validation,plastic,data/raw/dataset-resized/plastic/plastic432.jpg,data/processed/validation/plastic/plastic_0015.jpg
validation,plastic,data/raw/dataset-resized/plastic/plastic193.jpg,data/processed/validation/plastic/plastic_0016.jpg
validation,plastic,data/raw/dataset-resized/plastic/plastic235.jpg,data/processed/validation/plastic/plastic_0017.jpg
validation,plastic,data/raw/dataset-resized/plastic/plastic115.jpg,data/processed/validation/plastic/plastic_0018.jpg
validation,plastic,data/raw/dataset-resized/plastic/plastic480.jpg,data/processed/validation/plastic/plastic_0019.jpg
validation,plastic,data/raw/dataset-resized/plastic/plastic48.jpg,data/processed/validation/plastic/plastic_0020.jpg
validation,plastic,data/raw/dataset-resized/plastic/plastic162.jpg,data/processed/validation/plastic/plastic_0021.jpg
validation,plastic,data/raw/dataset-resized/plastic/plastic184.jpg,data/processed/validation/plastic/plastic_0022.jpg
validation,plastic,data/raw/dataset-resized/plastic/plastic474.jpg,data/processed/validation/plastic/plastic_0023.jpg
validation,plastic,data/raw/dataset-resized/plastic/plastic320.jpg,data/processed/validation/plastic/plastic_0024.jpg
validation,plastic,data/raw/dataset-resized/plastic/plastic75.jpg,data/processed/validation/plastic/plastic_0025.jpg
validation,plastic,data/raw/dataset-resized/plastic/plastic313.jpg,data/processed/validation/plastic/plastic_0026.jpg
validation,plastic,data/raw/dataset-resized/plastic/plastic416.jpg,data/processed/validation/plastic/plastic_0027.jpg
validation,plastic,data/raw/dataset-resized/plastic/plastic180.jpg,data/processed/validation/plastic/plastic_0028.jpg
validation,plastic,data/raw/dataset-resized/plastic/plastic398.jpg,data/processed/validation/plastic/plastic_0029.jpg
validation,plastic,data/raw/dataset-resized/plastic/plastic256.jpg,data/processed/validation/plastic/plastic_0030.jpg
validation,plastic,data/raw/dataset-resized/plastic/plastic352.jpg,data/processed/validation/plastic/plastic_0031.jpg
validation,plastic,data/raw/dataset-resized/plastic/plastic465.jpg,data/processed/validation/plastic/plastic_0032.jpg
validation,plastic,data/raw/dataset-resized/plastic/plastic448.jpg,data/processed/validation/plastic/plastic_0033.jpg
validation,plastic,data/raw/dataset-resized/plastic/plastic161.jpg,data/processed/validation/plastic/plastic_0034.jpg
validation,plastic,data/raw/dataset-resized/plastic/plastic253.jpg,data/processed/validation/plastic/plastic_0035.jpg
validation,plastic,data/raw/dataset-resized/plastic/plastic369.jpg,data/processed/validation/plastic/plastic_0036.jpg
validation,plastic,data/raw/dataset-resized/plastic/plastic147.jpg,data/processed/validation/plastic/plastic_0037.jpg
validation,plastic,data/raw/dataset-resized/plastic/plastic390.jpg,data/processed/validation/plastic/plastic_0038.jpg
validation,plastic,data/raw/dataset-resized/plastic/plastic403.jpg,data/processed/validation/plastic/plastic_0039.jpg
validation,plastic,data/raw/dataset-resized/plastic/plastic439.jpg,data/processed/validation/plastic/plastic_0040.jpg
validation,plastic,data/raw/dataset-resized/plastic/plastic464.jpg,data/processed/validation/plastic/plastic_0041.jpg
validation,plastic,data/raw/dataset-resized/plastic/plastic259.jpg,data/processed/validation/plastic/plastic_0042.jpg
validation,plastic,data/raw/dataset-resized/plastic/plastic456.jpg,data/processed/validation/plastic/plastic_0043.jpg
validation,plastic,data/raw/dataset-resized/plastic/plastic264.jpg,data/processed/validation/plastic/plastic_0044.jpg
validation,plastic,data/raw/dataset-resized/plastic/plastic475.jpg,data/processed/validation/plastic/plastic_0045.jpg
validation,plastic,data/raw/dataset-resized/plastic/plastic216.jpg,data/processed/validation/plastic/plastic_0046.jpg
validation,plastic,data/raw/dataset-resized/plastic/plastic9.jpg,data/processed/validation/plastic/plastic_0047.jpg
validation,plastic,data/raw/dataset-resized/plastic/plastic279.jpg,data/processed/validation/plastic/plastic_0048.jpg
validation,plastic,data/raw/dataset-resized/plastic/plastic394.jpg,data/processed/validation/plastic/plastic_0049.jpg
validation,plastic,data/raw/dataset-resized/plastic/plastic119.jpg,data/processed/validation/plastic/plastic_0050.jpg
validation,plastic,data/raw/dataset-resized/plastic/plastic70.jpg,data/processed/validation/plastic/plastic_0051.jpg
validation,plastic,data/raw/dataset-resized/plastic/plastic28.jpg,data/processed/validation/plastic/plastic_0052.jpg
validation,plastic,data/raw/dataset-resized/plastic/plastic108.jpg,data/processed/validation/plastic/plastic_0053.jpg
validation,plastic,data/raw/dataset-resized/plastic/plastic356.jpg,data/processed/validation/plastic/plastic_0054.jpg
validation,plastic,data/raw/dataset-resized/plastic/plastic453.jpg,data/processed/validation/plastic/plastic_0055.jpg
validation,plastic,data/raw/dataset-resized/plastic/plastic334.jpg,data/processed/validation/plastic/plastic_0056.jpg
validation,plastic,data/raw/dataset-resized/plastic/plastic351.jpg,data/processed/validation/plastic/plastic_0057.jpg
validation,plastic,data/raw/dataset-resized/plastic/plastic343.jpg,data/processed/validation/plastic/plastic_0058.jpg
validation,plastic,data/raw/dataset-resized/plastic/plastic13.jpg,data/processed/validation/plastic/plastic_0059.jpg
validation,plastic,data/raw/dataset-resized/plastic/plastic266.jpg,data/processed/validation/plastic/plastic_0060.jpg
validation,plastic,data/raw/dataset-resized/plastic/plastic342.jpg,data/processed/validation/plastic/plastic_0061.jpg
validation,plastic,data/raw/dataset-resized/plastic/plastic138.jpg,data/processed/validation/plastic/plastic_0062.jpg
validation,plastic,data/raw/dataset-resized/plastic/plastic409.jpg,data/processed/validation/plastic/plastic_0063.jpg
validation,plastic,data/raw/dataset-resized/plastic/plastic407.jpg,data/processed/validation/plastic/plastic_0064.jpg
validation,plastic,data/raw/dataset-resized/plastic/plastic186.jpg,data/processed/validation/plastic/plastic_0065.jpg
validation,plastic,data/raw/dataset-resized/plastic/plastic292.jpg,data/processed/validation/plastic/plastic_0066.jpg
validation,plastic,data/raw/dataset-resized/plastic/plastic364.jpg,data/processed/validation/plastic/plastic_0067.jpg
validation,plastic,data/raw/dataset-resized/plastic/plastic471.jpg,data/processed/validation/plastic/plastic_0068.jpg
validation,plastic,data/raw/dataset-resized/plastic/plastic262.jpg,data/processed/validation/plastic/plastic_0069.jpg
validation,plastic,data/raw/dataset-resized/plastic/plastic384.jpg,data/processed/validation/plastic/plastic_0070.jpg
validation,plastic,data/raw/dataset-resized/plastic/plastic1.jpg,data/processed/validation/plastic/plastic_0071.jpg
validation,plastic,data/raw/dataset-resized/plastic/plastic298.jpg,data/processed/validation/plastic/plastic_0072.jpg
validation,trash,data/raw/dataset-resized/trash/trash47.jpg,data/processed/validation/trash/trash_0001.jpg
validation,trash,data/raw/dataset-resized/trash/trash69.jpg,data/processed/validation/trash/trash_0002.jpg
validation,trash,data/raw/dataset-resized/trash/trash79.jpg,data/processed/validation/trash/trash_0003.jpg
validation,trash,data/raw/dataset-resized/trash/trash36.jpg,data/processed/validation/trash/trash_0004.jpg
validation,trash,data/raw/dataset-resized/trash/trash118.jpg,data/processed/validation/trash/trash_0005.jpg
validation,trash,data/raw/dataset-resized/trash/trash30.jpg,data/processed/validation/trash/trash_0006.jpg
validation,trash,data/raw/dataset-resized/trash/trash71.jpg,data/processed/validation/trash/trash_0007.jpg
validation,trash,data/raw/dataset-resized/trash/trash104.jpg,data/processed/validation/trash/trash_0008.jpg
validation,trash,data/raw/dataset-resized/trash/trash81.jpg,data/processed/validation/trash/trash_0009.jpg
validation,trash,data/raw/dataset-resized/trash/trash125.jpg,data/processed/validation/trash/trash_0010.jpg
validation,trash,data/raw/dataset-resized/trash/trash41.jpg,data/processed/validation/trash/trash_0011.jpg
validation,trash,data/raw/dataset-resized/trash/trash91.jpg,data/processed/validation/trash/trash_0012.jpg
validation,trash,data/raw/dataset-resized/trash/trash65.jpg,data/processed/validation/trash/trash_0013.jpg
validation,trash,data/raw/dataset-resized/trash/trash98.jpg,data/processed/validation/trash/trash_0014.jpg
validation,trash,data/raw/dataset-resized/trash/trash50.jpg,data/processed/validation/trash/trash_0015.jpg
validation,trash,data/raw/dataset-resized/trash/trash129.jpg,data/processed/validation/trash/trash_0016.jpg
validation,trash,data/raw/dataset-resized/trash/trash3.jpg,data/processed/validation/trash/trash_0017.jpg
validation,trash,data/raw/dataset-resized/trash/trash95.jpg,data/processed/validation/trash/trash_0018.jpg
validation,trash,data/raw/dataset-resized/trash/trash101.jpg,data/processed/validation/trash/trash_0019.jpg
validation,trash,data/raw/dataset-resized/trash/trash48.jpg,data/processed/validation/trash/trash_0020.jpg
test,cardboard,data/raw/dataset-resized/cardboard/cardboard389.jpg,data/processed/test/cardboard/cardboard_0001.jpg
test,cardboard,data/raw/dataset-resized/cardboard/cardboard234.jpg,data/processed/test/cardboard/cardboard_0002.jpg
test,cardboard,data/raw/dataset-resized/cardboard/cardboard353.jpg,data/processed/test/cardboard/cardboard_0003.jpg
test,cardboard,data/raw/dataset-resized/cardboard/cardboard135.jpg,data/processed/test/cardboard/cardboard_0004.jpg
test,cardboard,data/raw/dataset-resized/cardboard/cardboard273.jpg,data/processed/test/cardboard/cardboard_0005.jpg
test,cardboard,data/raw/dataset-resized/cardboard/cardboard156.jpg,data/processed/test/cardboard/cardboard_0006.jpg
test,cardboard,data/raw/dataset-resized/cardboard/cardboard346.jpg,data/processed/test/cardboard/cardboard_0007.jpg
test,cardboard,data/raw/dataset-resized/cardboard/cardboard310.jpg,data/processed/test/cardboard/cardboard_0008.jpg
test,cardboard,data/raw/dataset-resized/cardboard/cardboard119.jpg,data/processed/test/cardboard/cardboard_0009.jpg
test,cardboard,data/raw/dataset-resized/cardboard/cardboard220.jpg,data/processed/test/cardboard/cardboard_0010.jpg
test,cardboard,data/raw/dataset-resized/cardboard/cardboard378.jpg,data/processed/test/cardboard/cardboard_0011.jpg
test,cardboard,data/raw/dataset-resized/cardboard/cardboard258.jpg,data/processed/test/cardboard/cardboard_0012.jpg
test,cardboard,data/raw/dataset-resized/cardboard/cardboard264.jpg,data/processed/test/cardboard/cardboard_0013.jpg
test,cardboard,data/raw/dataset-resized/cardboard/cardboard143.jpg,data/processed/test/cardboard/cardboard_0014.jpg
test,cardboard,data/raw/dataset-resized/cardboard/cardboard274.jpg,data/processed/test/cardboard/cardboard_0015.jpg
test,cardboard,data/raw/dataset-resized/cardboard/cardboard82.jpg,data/processed/test/cardboard/cardboard_0016.jpg
test,cardboard,data/raw/dataset-resized/cardboard/cardboard90.jpg,data/processed/test/cardboard/cardboard_0017.jpg
test,cardboard,data/raw/dataset-resized/cardboard/cardboard254.jpg,data/processed/test/cardboard/cardboard_0018.jpg
test,cardboard,data/raw/dataset-resized/cardboard/cardboard199.jpg,data/processed/test/cardboard/cardboard_0019.jpg
test,cardboard,data/raw/dataset-resized/cardboard/cardboard170.jpg,data/processed/test/cardboard/cardboard_0020.jpg
test,cardboard,data/raw/dataset-resized/cardboard/cardboard68.jpg,data/processed/test/cardboard/cardboard_0021.jpg
test,cardboard,data/raw/dataset-resized/cardboard/cardboard256.jpg,data/processed/test/cardboard/cardboard_0022.jpg
test,cardboard,data/raw/dataset-resized/cardboard/cardboard85.jpg,data/processed/test/cardboard/cardboard_0023.jpg
test,cardboard,data/raw/dataset-resized/cardboard/cardboard58.jpg,data/processed/test/cardboard/cardboard_0024.jpg
test,cardboard,data/raw/dataset-resized/cardboard/cardboard172.jpg,data/processed/test/cardboard/cardboard_0025.jpg
test,cardboard,data/raw/dataset-resized/cardboard/cardboard101.jpg,data/processed/test/cardboard/cardboard_0026.jpg
test,cardboard,data/raw/dataset-resized/cardboard/cardboard227.jpg,data/processed/test/cardboard/cardboard_0027.jpg
test,cardboard,data/raw/dataset-resized/cardboard/cardboard370.jpg,data/processed/test/cardboard/cardboard_0028.jpg
test,cardboard,data/raw/dataset-resized/cardboard/cardboard305.jpg,data/processed/test/cardboard/cardboard_0029.jpg
test,cardboard,data/raw/dataset-resized/cardboard/cardboard20.jpg,data/processed/test/cardboard/cardboard_0030.jpg
test,cardboard,data/raw/dataset-resized/cardboard/cardboard292.jpg,data/processed/test/cardboard/cardboard_0031.jpg
test,cardboard,data/raw/dataset-resized/cardboard/cardboard88.jpg,data/processed/test/cardboard/cardboard_0032.jpg
test,cardboard,data/raw/dataset-resized/cardboard/cardboard6.jpg,data/processed/test/cardboard/cardboard_0033.jpg
test,cardboard,data/raw/dataset-resized/cardboard/cardboard399.jpg,data/processed/test/cardboard/cardboard_0034.jpg
test,cardboard,data/raw/dataset-resized/cardboard/cardboard66.jpg,data/processed/test/cardboard/cardboard_0035.jpg
test,cardboard,data/raw/dataset-resized/cardboard/cardboard190.jpg,data/processed/test/cardboard/cardboard_0036.jpg
test,cardboard,data/raw/dataset-resized/cardboard/cardboard358.jpg,data/processed/test/cardboard/cardboard_0037.jpg
test,cardboard,data/raw/dataset-resized/cardboard/cardboard110.jpg,data/processed/test/cardboard/cardboard_0038.jpg
test,cardboard,data/raw/dataset-resized/cardboard/cardboard377.jpg,data/processed/test/cardboard/cardboard_0039.jpg
test,cardboard,data/raw/dataset-resized/cardboard/cardboard331.jpg,data/processed/test/cardboard/cardboard_0040.jpg
test,cardboard,data/raw/dataset-resized/cardboard/cardboard206.jpg,data/processed/test/cardboard/cardboard_0041.jpg
test,cardboard,data/raw/dataset-resized/cardboard/cardboard2.jpg,data/processed/test/cardboard/cardboard_0042.jpg
test,cardboard,data/raw/dataset-resized/cardboard/cardboard141.jpg,data/processed/test/cardboard/cardboard_0043.jpg
test,cardboard,data/raw/dataset-resized/cardboard/cardboard112.jpg,data/processed/test/cardboard/cardboard_0044.jpg
test,cardboard,data/raw/dataset-resized/cardboard/cardboard113.jpg,data/processed/test/cardboard/cardboard_0045.jpg
test,cardboard,data/raw/dataset-resized/cardboard/cardboard294.jpg,data/processed/test/cardboard/cardboard_0046.jpg
test,cardboard,data/raw/dataset-resized/cardboard/cardboard371.jpg,data/processed/test/cardboard/cardboard_0047.jpg
test,cardboard,data/raw/dataset-resized/cardboard/cardboard139.jpg,data/processed/test/cardboard/cardboard_0048.jpg
test,cardboard,data/raw/dataset-resized/cardboard/cardboard350.jpg,data/processed/test/cardboard/cardboard_0049.jpg
test,cardboard,data/raw/dataset-resized/cardboard/cardboard96.jpg,data/processed/test/cardboard/cardboard_0050.jpg
test,cardboard,data/raw/dataset-resized/cardboard/cardboard48.jpg,data/processed/test/cardboard/cardboard_0051.jpg
test,cardboard,data/raw/dataset-resized/cardboard/cardboard146.jpg,data/processed/test/cardboard/cardboard_0052.jpg
test,cardboard,data/raw/dataset-resized/cardboard/cardboard76.jpg,data/processed/test/cardboard/cardboard_0053.jpg
test,cardboard,data/raw/dataset-resized/cardboard/cardboard163.jpg,data/processed/test/cardboard/cardboard_0054.jpg
test,cardboard,data/raw/dataset-resized/cardboard/cardboard201.jpg,data/processed/test/cardboard/cardboard_0055.jpg
test,cardboard,data/raw/dataset-resized/cardboard/cardboard211.jpg,data/processed/test/cardboard/cardboard_0056.jpg
test,cardboard,data/raw/dataset-resized/cardboard/cardboard225.jpg,data/processed/test/cardboard/cardboard_0057.jpg
test,cardboard,data/raw/dataset-resized/cardboard/cardboard78.jpg,data/processed/test/cardboard/cardboard_0058.jpg
test,cardboard,data/raw/dataset-resized/cardboard/cardboard11.jpg,data/processed/test/cardboard/cardboard_0059.jpg
test,cardboard,data/raw/dataset-resized/cardboard/cardboard150.jpg,data/processed/test/cardboard/cardboard_0060.jpg
test,cardboard,data/raw/dataset-resized/cardboard/cardboard394.jpg,data/processed/test/cardboard/cardboard_0061.jpg
test,glass,data/raw/dataset-resized/glass/glass54.jpg,data/processed/test/glass/glass_0001.jpg
test,glass,data/raw/dataset-resized/glass/glass494.jpg,data/processed/test/glass/glass_0002.jpg
test,glass,data/raw/dataset-resized/glass/glass438.jpg,data/processed/test/glass/glass_0003.jpg
test,glass,data/raw/dataset-resized/glass/glass407.jpg,data/processed/test/glass/glass_0004.jpg
test,glass,data/raw/dataset-resized/glass/glass469.jpg,data/processed/test/glass/glass_0005.jpg
test,glass,data/raw/dataset-resized/glass/glass289.jpg,data/processed/test/glass/glass_0006.jpg
test,glass,data/raw/dataset-resized/glass/glass46.jpg,data/processed/test/glass/glass_0007.jpg
test,glass,data/raw/dataset-resized/glass/glass88.jpg,data/processed/test/glass/glass_0008.jpg
test,glass,data/raw/dataset-resized/glass/glass439.jpg,data/processed/test/glass/glass_0009.jpg
test,glass,data/raw/dataset-resized/glass/glass181.jpg,data/processed/test/glass/glass_0010.jpg
test,glass,data/raw/dataset-resized/glass/glass11.jpg,data/processed/test/glass/glass_0011.jpg
test,glass,data/raw/dataset-resized/glass/glass29.jpg,data/processed/test/glass/glass_0012.jpg
test,glass,data/raw/dataset-resized/glass/glass180.jpg,data/processed/test/glass/glass_0013.jpg
test,glass,data/raw/dataset-resized/glass/glass473.jpg,data/processed/test/glass/glass_0014.jpg
test,glass,data/raw/dataset-resized/glass/glass468.jpg,data/processed/test/glass/glass_0015.jpg
test,glass,data/raw/dataset-resized/glass/glass174.jpg,data/processed/test/glass/glass_0016.jpg
test,glass,data/raw/dataset-resized/glass/glass208.jpg,data/processed/test/glass/glass_0017.jpg
test,glass,data/raw/dataset-resized/glass/glass170.jpg,data/processed/test/glass/glass_0018.jpg
test,glass,data/raw/dataset-resized/glass/glass444.jpg,data/processed/test/glass/glass_0019.jpg
test,glass,data/raw/dataset-resized/glass/glass385.jpg,data/processed/test/glass/glass_0020.jpg
test,glass,data/raw/dataset-resized/glass/glass287.jpg,data/processed/test/glass/glass_0021.jpg
test,glass,data/raw/dataset-resized/glass/glass357.jpg,data/processed/test/glass/glass_0022.jpg
test,glass,data/raw/dataset-resized/glass/glass459.jpg,data/processed/test/glass/glass_0023.jpg
test,glass,data/raw/dataset-resized/glass/glass262.jpg,data/processed/test/glass/glass_0024.jpg
test,glass,data/raw/dataset-resized/glass/glass146.jpg,data/processed/test/glass/glass_0025.jpg
test,glass,data/raw/dataset-resized/glass/glass406.jpg,data/processed/test/glass/glass_0026.jpg
test,glass,data/raw/dataset-resized/glass/glass213.jpg,data/processed/test/glass/glass_0027.jpg
test,glass,data/raw/dataset-resized/glass/glass413.jpg,data/processed/test/glass/glass_0028.jpg
test,glass,data/raw/dataset-resized/glass/glass196.jpg,data/processed/test/glass/glass_0029.jpg
test,glass,data/raw/dataset-resized/glass/glass264.jpg,data/processed/test/glass/glass_0030.jpg
test,glass,data/raw/dataset-resized/glass/glass117.jpg,data/processed/test/glass/glass_0031.jpg
test,glass,data/raw/dataset-resized/glass/glass496.jpg,data/processed/test/glass/glass_0032.jpg
test,glass,data/raw/dataset-resized/glass/glass466.jpg,data/processed/test/glass/glass_0033.jpg
test,glass,data/raw/dataset-resized/glass/glass267.jpg,data/processed/test/glass/glass_0034.jpg
test,glass,data/raw/dataset-resized/glass/glass240.jpg,data/processed/test/glass/glass_0035.jpg
test,glass,data/raw/dataset-resized/glass/glass118.jpg,data/processed/test/glass/glass_0036.jpg
test,glass,data/raw/dataset-resized/glass/glass158.jpg,data/processed/test/glass/glass_0037.jpg
test,glass,data/raw/dataset-resized/glass/glass298.jpg,data/processed/test/glass/glass_0038.jpg
test,glass,data/raw/dataset-resized/glass/glass167.jpg,data/processed/test/glass/glass_0039.jpg
test,glass,data/raw/dataset-resized/glass/glass80.jpg,data/processed/test/glass/glass_0040.jpg
test,glass,data/raw/dataset-resized/glass/glass368.jpg,data/processed/test/glass/glass_0041.jpg
test,glass,data/raw/dataset-resized/glass/glass27.jpg,data/processed/test/glass/glass_0042.jpg
test,glass,data/raw/dataset-resized/glass/glass484.jpg,data/processed/test/glass/glass_0043.jpg
test,glass,data/raw/dataset-resized/glass/glass115.jpg,data/processed/test/glass/glass_0044.jpg
test,glass,data/raw/dataset-resized/glass/glass350.jpg,data/processed/test/glass/glass_0045.jpg
test,glass,data/raw/dataset-resized/glass/glass168.jpg,data/processed/test/glass/glass_0046.jpg
test,glass,data/raw/dataset-resized/glass/glass64.jpg,data/processed/test/glass/glass_0047.jpg
test,glass,data/raw/dataset-resized/glass/glass417.jpg,data/processed/test/glass/glass_0048.jpg
test,glass,data/raw/dataset-resized/glass/glass55.jpg,data/processed/test/glass/glass_0049.jpg
test,glass,data/raw/dataset-resized/glass/glass133.jpg,data/processed/test/glass/glass_0050.jpg
test,glass,data/raw/dataset-resized/glass/glass150.jpg,data/processed/test/glass/glass_0051.jpg
test,glass,data/raw/dataset-resized/glass/glass102.jpg,data/processed/test/glass/glass_0052.jpg
test,glass,data/raw/dataset-resized/glass/glass358.jpg,data/processed/test/glass/glass_0053.jpg
test,glass,data/raw/dataset-resized/glass/glass296.jpg,data/processed/test/glass/glass_0054.jpg
test,glass,data/raw/dataset-resized/glass/glass424.jpg,data/processed/test/glass/glass_0055.jpg
test,glass,data/raw/dataset-resized/glass/glass353.jpg,data/processed/test/glass/glass_0056.jpg
test,glass,data/raw/dataset-resized/glass/glass302.jpg,data/processed/test/glass/glass_0057.jpg
test,glass,data/raw/dataset-resized/glass/glass440.jpg,data/processed/test/glass/glass_0058.jpg
test,glass,data/raw/dataset-resized/glass/glass173.jpg,data/processed/test/glass/glass_0059.jpg
test,glass,data/raw/dataset-resized/glass/glass22.jpg,data/processed/test/glass/glass_0060.jpg
test,glass,data/raw/dataset-resized/glass/glass393.jpg,data/processed/test/glass/glass_0061.jpg
test,glass,data/raw/dataset-resized/glass/glass159.jpg,data/processed/test/glass/glass_0062.jpg
test,glass,data/raw/dataset-resized/glass/glass454.jpg,data/processed/test/glass/glass_0063.jpg
test,glass,data/raw/dataset-resized/glass/glass252.jpg,data/processed/test/glass/glass_0064.jpg
test,glass,data/raw/dataset-resized/glass/glass10.jpg,data/processed/test/glass/glass_0065.jpg
test,glass,data/raw/dataset-resized/glass/glass119.jpg,data/processed/test/glass/glass_0066.jpg
test,glass,data/raw/dataset-resized/glass/glass226.jpg,data/processed/test/glass/glass_0067.jpg
test,glass,data/raw/dataset-resized/glass/glass481.jpg,data/processed/test/glass/glass_0068.jpg
test,glass,data/raw/dataset-resized/glass/glass294.jpg,data/processed/test/glass/glass_0069.jpg
test,glass,data/raw/dataset-resized/glass/glass391.jpg,data/processed/test/glass/glass_0070.jpg
test,glass,data/raw/dataset-resized/glass/glass141.jpg,data/processed/test/glass/glass_0071.jpg
test,glass,data/raw/dataset-resized/glass/glass122.jpg,data/processed/test/glass/glass_0072.jpg
test,glass,data/raw/dataset-resized/glass/glass49.jpg,data/processed/test/glass/glass_0073.jpg
test,glass,data/raw/dataset-resized/glass/glass66.jpg,data/processed/test/glass/glass_0074.jpg
test,glass,data/raw/dataset-resized/glass/glass65.jpg,data/processed/test/glass/glass_0075.jpg
test,glass,data/raw/dataset-resized/glass/glass214.jpg,data/processed/test/glass/glass_0076.jpg
test,metal,data/raw/dataset-resized/metal/metal209.jpg,data/processed/test/metal/metal_0001.jpg
test,metal,data/raw/dataset-resized/metal/metal171.jpg,data/processed/test/metal/metal_0002.jpg
test,metal,data/raw/dataset-resized/metal/metal136.jpg,data/processed/test/metal/metal_0003.jpg
test,metal,data/raw/dataset-resized/metal/metal403.jpg,data/processed/test/metal/metal_0004.jpg
test,metal,data/raw/dataset-resized/metal/metal220.jpg,data/processed/test/metal/metal_0005.jpg
test,metal,data/raw/dataset-resized/metal/metal197.jpg,data/processed/test/metal/metal_0006.jpg
test,metal,data/raw/dataset-resized/metal/metal388.jpg,data/processed/test/metal/metal_0007.jpg
test,metal,data/raw/dataset-resized/metal/metal195.jpg,data/processed/test/metal/metal_0008.jpg
test,metal,data/raw/dataset-resized/metal/metal144.jpg,data/processed/test/metal/metal_0009.jpg
test,metal,data/raw/dataset-resized/metal/metal380.jpg,data/processed/test/metal/metal_0010.jpg
test,metal,data/raw/dataset-resized/metal/metal126.jpg,data/processed/test/metal/metal_0011.jpg
test,metal,data/raw/dataset-resized/metal/metal385.jpg,data/processed/test/metal/metal_0012.jpg
test,metal,data/raw/dataset-resized/metal/metal361.jpg,data/processed/test/metal/metal_0013.jpg
test,metal,data/raw/dataset-resized/metal/metal24.jpg,data/processed/test/metal/metal_0014.jpg
test,metal,data/raw/dataset-resized/metal/metal297.jpg,data/processed/test/metal/metal_0015.jpg
test,metal,data/raw/dataset-resized/metal/metal370.jpg,data/processed/test/metal/metal_0016.jpg
test,metal,data/raw/dataset-resized/metal/metal236.jpg,data/processed/test/metal/metal_0017.jpg
test,metal,data/raw/dataset-resized/metal/metal302.jpg,data/processed/test/metal/metal_0018.jpg
test,metal,data/raw/dataset-resized/metal/metal306.jpg,data/processed/test/metal/metal_0019.jpg
test,metal,data/raw/dataset-resized/metal/metal274.jpg,data/processed/test/metal/metal_0020.jpg
test,metal,data/raw/dataset-resized/metal/metal34.jpg,data/processed/test/metal/metal_0021.jpg
test,metal,data/raw/dataset-resized/metal/metal202.jpg,data/processed/test/metal/metal_0022.jpg
test,metal,data/raw/dataset-resized/metal/metal384.jpg,data/processed/test/metal/metal_0023.jpg
test,metal,data/raw/dataset-resized/metal/metal374.jpg,data/processed/test/metal/metal_0024.jpg
test,metal,data/raw/dataset-resized/metal/metal379.jpg,data/processed/test/metal/metal_0025.jpg
test,metal,data/raw/dataset-resized/metal/metal291.jpg,data/processed/test/metal/metal_0026.jpg
test,metal,data/raw/dataset-resized/metal/metal356.jpg,data/processed/test/metal/metal_0027.jpg
test,metal,data/raw/dataset-resized/metal/metal153.jpg,data/processed/test/metal/metal_0028.jpg
test,metal,data/raw/dataset-resized/metal/metal213.jpg,data/processed/test/metal/metal_0029.jpg
test,metal,data/raw/dataset-resized/metal/metal138.jpg,data/processed/test/metal/metal_0030.jpg
test,metal,data/raw/dataset-resized/metal/metal239.jpg,data/processed/test/metal/metal_0031.jpg
test,metal,data/raw/dataset-resized/metal/metal359.jpg,data/processed/test/metal/metal_0032.jpg
test,metal,data/raw/dataset-resized/metal/metal168.jpg,data/processed/test/metal/metal_0033.jpg
test,metal,data/raw/dataset-resized/metal/metal169.jpg,data/processed/test/metal/metal_0034.jpg
test,metal,data/raw/dataset-resized/metal/metal123.jpg,data/processed/test/metal/metal_0035.jpg
test,metal,data/raw/dataset-resized/metal/metal46.jpg,data/processed/test/metal/metal_0036.jpg
test,metal,data/raw/dataset-resized/metal/metal39.jpg,data/processed/test/metal/metal_0037.jpg
test,metal,data/raw/dataset-resized/metal/metal365.jpg,data/processed/test/metal/metal_0038.jpg
test,metal,data/raw/dataset-resized/metal/metal132.jpg,data/processed/test/metal/metal_0039.jpg
test,metal,data/raw/dataset-resized/metal/metal93.jpg,data/processed/test/metal/metal_0040.jpg
test,metal,data/raw/dataset-resized/metal/metal284.jpg,data/processed/test/metal/metal_0041.jpg
test,metal,data/raw/dataset-resized/metal/metal129.jpg,data/processed/test/metal/metal_0042.jpg
test,metal,data/raw/dataset-resized/metal/metal151.jpg,data/processed/test/metal/metal_0043.jpg
test,metal,data/raw/dataset-resized/metal/metal319.jpg,data/processed/test/metal/metal_0044.jpg
test,metal,data/raw/dataset-resized/metal/metal215.jpg,data/processed/test/metal/metal_0045.jpg
test,metal,data/raw/dataset-resized/metal/metal122.jpg,data/processed/test/metal/metal_0046.jpg
test,metal,data/raw/dataset-resized/metal/metal184.jpg,data/processed/test/metal/metal_0047.jpg
test,metal,data/raw/dataset-resized/metal/metal256.jpg,data/processed/test/metal/metal_0048.jpg
test,metal,data/raw/dataset-resized/metal/metal301.jpg,data/processed/test/metal/metal_0049.jpg
test,metal,data/raw/dataset-resized/metal/metal32.jpg,data/processed/test/metal/metal_0050.jpg
test,metal,data/raw/dataset-resized/metal/metal315.jpg,data/processed/test/metal/metal_0051.jpg
test,metal,data/raw/dataset-resized/metal/metal23.jpg,data/processed/test/metal/metal_0052.jpg
test,metal,data/raw/dataset-resized/metal/metal363.jpg,data/processed/test/metal/metal_0053.jpg
test,metal,data/raw/dataset-resized/metal/metal104.jpg,data/processed/test/metal/metal_0054.jpg
test,metal,data/raw/dataset-resized/metal/metal146.jpg,data/processed/test/metal/metal_0055.jpg
test,metal,data/raw/dataset-resized/metal/metal325.jpg,data/processed/test/metal/metal_0056.jpg
test,metal,data/raw/dataset-resized/metal/metal77.jpg,data/processed/test/metal/metal_0057.jpg
test,metal,data/raw/dataset-resized/metal/metal393.jpg,data/processed/test/metal/metal_0058.jpg
test,metal,data/raw/dataset-resized/metal/metal157.jpg,data/processed/test/metal/metal_0059.jpg
test,metal,data/raw/dataset-resized/metal/metal51.jpg,data/processed/test/metal/metal_0060.jpg
test,metal,data/raw/dataset-resized/metal/metal233.jpg,data/processed/test/metal/metal_0061.jpg
test,metal,data/raw/dataset-resized/metal/metal354.jpg,data/processed/test/metal/metal_0062.jpg
test,paper,data/raw/dataset-resized/paper/paper18.jpg,data/processed/test/paper/paper_0001.jpg
test,paper,data/raw/dataset-resized/paper/paper106.jpg,data/processed/test/paper/paper_0002.jpg
test,paper,data/raw/dataset-resized/paper/paper248.jpg,data/processed/test/paper/paper_0003.jpg
test,paper,data/raw/dataset-resized/paper/paper370.jpg,data/processed/test/paper/paper_0004.jpg
test,paper,data/raw/dataset-resized/paper/paper208.jpg,data/processed/test/paper/paper_0005.jpg
test,paper,data/raw/dataset-resized/paper/paper462.jpg,data/processed/test/paper/paper_0006.jpg
test,paper,data/raw/dataset-resized/paper/paper463.jpg,data/processed/test/paper/paper_0007.jpg
test,paper,data/raw/dataset-resized/paper/paper429.jpg,data/processed/test/paper/paper_0008.jpg
test,paper,data/raw/dataset-resized/paper/paper112.jpg,data/processed/test/paper/paper_0009.jpg
test,paper,data/raw/dataset-resized/paper/paper22.jpg,data/processed/test/paper/paper_0010.jpg
test,paper,data/raw/dataset-resized/paper/paper122.jpg,data/processed/test/paper/paper_0011.jpg
test,paper,data/raw/dataset-resized/paper/paper20.jpg,data/processed/test/paper/paper_0012.jpg
test,paper,data/raw/dataset-resized/paper/paper26.jpg,data/processed/test/paper/paper_0013.jpg
test,paper,data/raw/dataset-resized/paper/paper33.jpg,data/processed/test/paper/paper_0014.jpg
test,paper,data/raw/dataset-resized/paper/paper219.jpg,data/processed/test/paper/paper_0015.jpg
test,paper,data/raw/dataset-resized/paper/paper232.jpg,data/processed/test/paper/paper_0016.jpg
test,paper,data/raw/dataset-resized/paper/paper354.jpg,data/processed/test/paper/paper_0017.jpg
test,paper,data/raw/dataset-resized/paper/paper100.jpg,data/processed/test/paper/paper_0018.jpg
test,paper,data/raw/dataset-resized/paper/paper235.jpg,data/processed/test/paper/paper_0019.jpg
test,paper,data/raw/dataset-resized/paper/paper401.jpg,data/processed/test/paper/paper_0020.jpg
test,paper,data/raw/dataset-resized/paper/paper313.jpg,data/processed/test/paper/paper_0021.jpg
test,paper,data/raw/dataset-resized/paper/paper299.jpg,data/processed/test/paper/paper_0022.jpg
test,paper,data/raw/dataset-resized/paper/paper290.jpg,data/processed/test/paper/paper_0023.jpg
test,paper,data/raw/dataset-resized/paper/paper162.jpg,data/processed/test/paper/paper_0024.jpg
test,paper,data/raw/dataset-resized/paper/paper289.jpg,data/processed/test/paper/paper_0025.jpg
test,paper,data/raw/dataset-resized/paper/paper214.jpg,data/processed/test/paper/paper_0026.jpg
test,paper,data/raw/dataset-resized/paper/paper323.jpg,data/processed/test/paper/paper_0027.jpg
test,paper,data/raw/dataset-resized/paper/paper406.jpg,data/processed/test/paper/paper_0028.jpg
test,paper,data/raw/dataset-resized/paper/paper145.jpg,data/processed/test/paper/paper_0029.jpg
test,paper,data/raw/dataset-resized/paper/paper118.jpg,data/processed/test/paper/paper_0030.jpg
test,paper,data/raw/dataset-resized/paper/paper295.jpg,data/processed/test/paper/paper_0031.jpg
test,paper,data/raw/dataset-resized/paper/paper183.jpg,data/processed/test/paper/paper_0032.jpg
test,paper,data/raw/dataset-resized/paper/paper95.jpg,data/processed/test/paper/paper_0033.jpg
test,paper,data/raw/dataset-resized/paper/paper211.jpg,data/processed/test/paper/paper_0034.jpg
test,paper,data/raw/dataset-resized/paper/paper274.jpg,data/processed/test/paper/paper_0035.jpg
test,paper,data/raw/dataset-resized/paper/paper353.jpg,data/processed/test/paper/paper_0036.jpg
test,paper,data/raw/dataset-resized/paper/paper466.jpg,data/processed/test/paper/paper_0037.jpg
test,paper,data/raw/dataset-resized/paper/paper155.jpg,data/processed/test/paper/paper_0038.jpg
test,paper,data/raw/dataset-resized/paper/paper43.jpg,data/processed/test/paper/paper_0039.jpg
test,paper,data/raw/dataset-resized/paper/paper438.jpg,data/processed/test/paper/paper_0040.jpg
test,paper,data/raw/dataset-resized/paper/paper64.jpg,data/processed/test/paper/paper_0041.jpg
test,paper,data/raw/dataset-resized/paper/paper433.jpg,data/processed/test/paper/paper_0042.jpg
test,paper,data/raw/dataset-resized/paper/paper316.jpg,data/processed/test/paper/paper_0043.jpg
test,paper,data/raw/dataset-resized/paper/paper509.jpg,data/processed/test/paper/paper_0044.jpg
test,paper,data/raw/dataset-resized/paper/paper508.jpg,data/processed/test/paper/paper_0045.jpg
test,paper,data/raw/dataset-resized/paper/paper3.jpg,data/processed/test/paper/paper_0046.jpg
test,paper,data/raw/dataset-resized/paper/paper69.jpg,data/processed/test/paper/paper_0047.jpg
test,paper,data/raw/dataset-resized/paper/paper129.jpg,data/processed/test/paper/paper_0048.jpg
test,paper,data/raw/dataset-resized/paper/paper357.jpg,data/processed/test/paper/paper_0049.jpg
test,paper,data/raw/dataset-resized/paper/paper475.jpg,data/processed/test/paper/paper_0050.jpg
test,paper,data/raw/dataset-resized/paper/paper550.jpg,data/processed/test/paper/paper_0051.jpg
test,paper,data/raw/dataset-resized/paper/paper190.jpg,data/processed/test/paper/paper_0052.jpg
test,paper,data/raw/dataset-resized/paper/paper481.jpg,data/processed/test/paper/paper_0053.jpg
test,paper,data/raw/dataset-resized/paper/paper241.jpg,data/processed/test/paper/paper_0054.jpg
test,paper,data/raw/dataset-resized/paper/paper486.jpg,data/processed/test/paper/paper_0055.jpg
test,paper,data/raw/dataset-resized/paper/paper62.jpg,data/processed/test/paper/paper_0056.jpg
test,paper,data/raw/dataset-resized/paper/paper440.jpg,data/processed/test/paper/paper_0057.jpg
test,paper,data/raw/dataset-resized/paper/paper517.jpg,data/processed/test/paper/paper_0058.jpg
test,paper,data/raw/dataset-resized/paper/paper457.jpg,data/processed/test/paper/paper_0059.jpg
test,paper,data/raw/dataset-resized/paper/paper223.jpg,data/processed/test/paper/paper_0060.jpg
test,paper,data/raw/dataset-resized/paper/paper6.jpg,data/processed/test/paper/paper_0061.jpg
test,paper,data/raw/dataset-resized/paper/paper315.jpg,data/processed/test/paper/paper_0062.jpg
test,paper,data/raw/dataset-resized/paper/paper189.jpg,data/processed/test/paper/paper_0063.jpg
test,paper,data/raw/dataset-resized/paper/paper205.jpg,data/processed/test/paper/paper_0064.jpg
test,paper,data/raw/dataset-resized/paper/paper553.jpg,data/processed/test/paper/paper_0065.jpg
test,paper,data/raw/dataset-resized/paper/paper38.jpg,data/processed/test/paper/paper_0066.jpg
test,paper,data/raw/dataset-resized/paper/paper133.jpg,data/processed/test/paper/paper_0067.jpg
test,paper,data/raw/dataset-resized/paper/paper140.jpg,data/processed/test/paper/paper_0068.jpg
test,paper,data/raw/dataset-resized/paper/paper228.jpg,data/processed/test/paper/paper_0069.jpg
test,paper,data/raw/dataset-resized/paper/paper206.jpg,data/processed/test/paper/paper_0070.jpg
test,paper,data/raw/dataset-resized/paper/paper476.jpg,data/processed/test/paper/paper_0071.jpg
test,paper,data/raw/dataset-resized/paper/paper378.jpg,data/processed/test/paper/paper_0072.jpg
test,paper,data/raw/dataset-resized/paper/paper527.jpg,data/processed/test/paper/paper_0073.jpg
test,paper,data/raw/dataset-resized/paper/paper157.jpg,data/processed/test/paper/paper_0074.jpg
test,paper,data/raw/dataset-resized/paper/paper302.jpg,data/processed/test/paper/paper_0075.jpg
test,paper,data/raw/dataset-resized/paper/paper400.jpg,data/processed/test/paper/paper_0076.jpg
test,paper,data/raw/dataset-resized/paper/paper81.jpg,data/processed/test/paper/paper_0077.jpg
test,paper,data/raw/dataset-resized/paper/paper121.jpg,data/processed/test/paper/paper_0078.jpg
test,paper,data/raw/dataset-resized/paper/paper533.jpg,data/processed/test/paper/paper_0079.jpg
test,paper,data/raw/dataset-resized/paper/paper314.jpg,data/processed/test/paper/paper_0080.jpg
test,paper,data/raw/dataset-resized/paper/paper199.jpg,data/processed/test/paper/paper_0081.jpg
test,paper,data/raw/dataset-resized/paper/paper441.jpg,data/processed/test/paper/paper_0082.jpg
test,paper,data/raw/dataset-resized/paper/paper450.jpg,data/processed/test/paper/paper_0083.jpg
test,paper,data/raw/dataset-resized/paper/paper340.jpg,data/processed/test/paper/paper_0084.jpg
test,paper,data/raw/dataset-resized/paper/paper439.jpg,data/processed/test/paper/paper_0085.jpg
test,paper,data/raw/dataset-resized/paper/paper518.jpg,data/processed/test/paper/paper_0086.jpg
test,paper,data/raw/dataset-resized/paper/paper212.jpg,data/processed/test/paper/paper_0087.jpg
test,paper,data/raw/dataset-resized/paper/paper594.jpg,data/processed/test/paper/paper_0088.jpg
test,paper,data/raw/dataset-resized/paper/paper342.jpg,data/processed/test/paper/paper_0089.jpg
test,paper,data/raw/dataset-resized/paper/paper111.jpg,data/processed/test/paper/paper_0090.jpg
test,plastic,data/raw/dataset-resized/plastic/plastic234.jpg,data/processed/test/plastic/plastic_0001.jpg
test,plastic,data/raw/dataset-resized/plastic/plastic166.jpg,data/processed/test/plastic/plastic_0002.jpg
test,plastic,data/raw/dataset-resized/plastic/plastic431.jpg,data/processed/test/plastic/plastic_0003.jpg
test,plastic,data/raw/dataset-resized/plastic/plastic210.jpg,data/processed/test/plastic/plastic_0004.jpg
test,plastic,data/raw/dataset-resized/plastic/plastic366.jpg,data/processed/test/plastic/plastic_0005.jpg
test,plastic,data/raw/dataset-resized/plastic/plastic338.jpg,data/processed/test/plastic/plastic_0006.jpg
test,plastic,data/raw/dataset-resized/plastic/plastic392.jpg,data/processed/test/plastic/plastic_0007.jpg
test,plastic,data/raw/dataset-resized/plastic/plastic106.jpg,data/processed/test/plastic/plastic_0008.jpg
test,plastic,data/raw/dataset-resized/plastic/plastic348.jpg,data/processed/test/plastic/plastic_0009.jpg
test,plastic,data/raw/dataset-resized/plastic/plastic376.jpg,data/processed/test/plastic/plastic_0010.jpg
test,plastic,data/raw/dataset-resized/plastic/plastic33.jpg,data/processed/test/plastic/plastic_0011.jpg
test,plastic,data/raw/dataset-resized/plastic/plastic57.jpg,data/processed/test/plastic/plastic_0012.jpg
test,plastic,data/raw/dataset-resized/plastic/plastic128.jpg,data/processed/test/plastic/plastic_0013.jpg
test,plastic,data/raw/dataset-resized/plastic/plastic310.jpg,data/processed/test/plastic/plastic_0014.jpg
test,plastic,data/raw/dataset-resized/plastic/plastic388.jpg,data/processed/test/plastic/plastic_0015.jpg
test,plastic,data/raw/dataset-resized/plastic/plastic467.jpg,data/processed/test/plastic/plastic_0016.jpg
test,plastic,data/raw/dataset-resized/plastic/plastic396.jpg,data/processed/test/plastic/plastic_0017.jpg
test,plastic,data/raw/dataset-resized/plastic/plastic293.jpg,data/processed/test/plastic/plastic_0018.jpg
test,plastic,data/raw/dataset-resized/plastic/plastic21.jpg,data/processed/test/plastic/plastic_0019.jpg
test,plastic,data/raw/dataset-resized/plastic/plastic120.jpg,data/processed/test/plastic/plastic_0020.jpg
test,plastic,data/raw/dataset-resized/plastic/plastic156.jpg,data/processed/test/plastic/plastic_0021.jpg
test,plastic,data/raw/dataset-resized/plastic/plastic239.jpg,data/processed/test/plastic/plastic_0022.jpg
test,plastic,data/raw/dataset-resized/plastic/plastic209.jpg,data/processed/test/plastic/plastic_0023.jpg
test,plastic,data/raw/dataset-resized/plastic/plastic232.jpg,data/processed/test/plastic/plastic_0024.jpg
test,plastic,data/raw/dataset-resized/plastic/plastic459.jpg,data/processed/test/plastic/plastic_0025.jpg
test,plastic,data/raw/dataset-resized/plastic/plastic15.jpg,data/processed/test/plastic/plastic_0026.jpg
test,plastic,data/raw/dataset-resized/plastic/plastic295.jpg,data/processed/test/plastic/plastic_0027.jpg
test,plastic,data/raw/dataset-resized/plastic/plastic344.jpg,data/processed/test/plastic/plastic_0028.jpg
test,plastic,data/raw/dataset-resized/plastic/plastic381.jpg,data/processed/test/plastic/plastic_0029.jpg
test,plastic,data/raw/dataset-resized/plastic/plastic436.jpg,data/processed/test/plastic/plastic_0030.jpg
test,plastic,data/raw/dataset-resized/plastic/plastic353.jpg,data/processed/test/plastic/plastic_0031.jpg
test,plastic,data/raw/dataset-resized/plastic/plastic169.jpg,data/processed/test/plastic/plastic_0032.jpg
test,plastic,data/raw/dataset-resized/plastic/plastic51.jpg,data/processed/test/plastic/plastic_0033.jpg
test,plastic,data/raw/dataset-resized/plastic/plastic2.jpg,data/processed/test/plastic/plastic_0034.jpg
test,plastic,data/raw/dataset-resized/plastic/plastic218.jpg,data/processed/test/plastic/plastic_0035.jpg
test,plastic,data/raw/dataset-resized/plastic/plastic107.jpg,data/processed/test/plastic/plastic_0036.jpg
test,plastic,data/raw/dataset-resized/plastic/plastic135.jpg,data/processed/test/plastic/plastic_0037.jpg
test,plastic,data/raw/dataset-resized/plastic/plastic100.jpg,data/processed/test/plastic/plastic_0038.jpg
test,plastic,data/raw/dataset-resized/plastic/plastic385.jpg,data/processed/test/plastic/plastic_0039.jpg
test,plastic,data/raw/dataset-resized/plastic/plastic306.jpg,data/processed/test/plastic/plastic_0040.jpg
test,plastic,data/raw/dataset-resized/plastic/plastic316.jpg,data/processed/test/plastic/plastic_0041.jpg
test,plastic,data/raw/dataset-resized/plastic/plastic426.jpg,data/processed/test/plastic/plastic_0042.jpg
test,plastic,data/raw/dataset-resized/plastic/plastic450.jpg,data/processed/test/plastic/plastic_0043.jpg
test,plastic,data/raw/dataset-resized/plastic/plastic164.jpg,data/processed/test/plastic/plastic_0044.jpg
test,plastic,data/raw/dataset-resized/plastic/plastic5.jpg,data/processed/test/plastic/plastic_0045.jpg
test,plastic,data/raw/dataset-resized/plastic/plastic421.jpg,data/processed/test/plastic/plastic_0046.jpg
test,plastic,data/raw/dataset-resized/plastic/plastic317.jpg,data/processed/test/plastic/plastic_0047.jpg
test,plastic,data/raw/dataset-resized/plastic/plastic49.jpg,data/processed/test/plastic/plastic_0048.jpg
test,plastic,data/raw/dataset-resized/plastic/plastic231.jpg,data/processed/test/plastic/plastic_0049.jpg
test,plastic,data/raw/dataset-resized/plastic/plastic116.jpg,data/processed/test/plastic/plastic_0050.jpg
test,plastic,data/raw/dataset-resized/plastic/plastic163.jpg,data/processed/test/plastic/plastic_0051.jpg
test,plastic,data/raw/dataset-resized/plastic/plastic167.jpg,data/processed/test/plastic/plastic_0052.jpg
test,plastic,data/raw/dataset-resized/plastic/plastic466.jpg,data/processed/test/plastic/plastic_0053.jpg
test,plastic,data/raw/dataset-resized/plastic/plastic254.jpg,data/processed/test/plastic/plastic_0054.jpg
test,plastic,data/raw/dataset-resized/plastic/plastic40.jpg,data/processed/test/plastic/plastic_0055.jpg
test,plastic,data/raw/dataset-resized/plastic/plastic43.jpg,data/processed/test/plastic/plastic_0056.jpg
test,plastic,data/raw/dataset-resized/plastic/plastic53.jpg,data/processed/test/plastic/plastic_0057.jpg
test,plastic,data/raw/dataset-resized/plastic/plastic144.jpg,data/processed/test/plastic/plastic_0058.jpg
test,plastic,data/raw/dataset-resized/plastic/plastic247.jpg,data/processed/test/plastic/plastic_0059.jpg
test,plastic,data/raw/dataset-resized/plastic/plastic111.jpg,data/processed/test/plastic/plastic_0060.jpg
test,plastic,data/raw/dataset-resized/plastic/plastic202.jpg,data/processed/test/plastic/plastic_0061.jpg
test,plastic,data/raw/dataset-resized/plastic/plastic93.jpg,data/processed/test/plastic/plastic_0062.jpg
test,plastic,data/raw/dataset-resized/plastic/plastic136.jpg,data/processed/test/plastic/plastic_0063.jpg
test,plastic,data/raw/dataset-resized/plastic/plastic278.jpg,data/processed/test/plastic/plastic_0064.jpg
test,plastic,data/raw/dataset-resized/plastic/plastic208.jpg,data/processed/test/plastic/plastic_0065.jpg
test,plastic,data/raw/dataset-resized/plastic/plastic272.jpg,data/processed/test/plastic/plastic_0066.jpg
test,plastic,data/raw/dataset-resized/plastic/plastic331.jpg,data/processed/test/plastic/plastic_0067.jpg
test,plastic,data/raw/dataset-resized/plastic/plastic282.jpg,data/processed/test/plastic/plastic_0068.jpg
test,plastic,data/raw/dataset-resized/plastic/plastic123.jpg,data/processed/test/plastic/plastic_0069.jpg
test,plastic,data/raw/dataset-resized/plastic/plastic291.jpg,data/processed/test/plastic/plastic_0070.jpg
test,plastic,data/raw/dataset-resized/plastic/plastic110.jpg,data/processed/test/plastic/plastic_0071.jpg
test,plastic,data/raw/dataset-resized/plastic/plastic96.jpg,data/processed/test/plastic/plastic_0072.jpg
test,trash,data/raw/dataset-resized/trash/trash55.jpg,data/processed/test/trash/trash_0001.jpg
test,trash,data/raw/dataset-resized/trash/trash76.jpg,data/processed/test/trash/trash_0002.jpg
test,trash,data/raw/dataset-resized/trash/trash59.jpg,data/processed/test/trash/trash_0003.jpg
test,trash,data/raw/dataset-resized/trash/trash8.jpg,data/processed/test/trash/trash_0004.jpg
test,trash,data/raw/dataset-resized/trash/trash67.jpg,data/processed/test/trash/trash_0005.jpg
test,trash,data/raw/dataset-resized/trash/trash134.jpg,data/processed/test/trash/trash_0006.jpg
test,trash,data/raw/dataset-resized/trash/trash42.jpg,data/processed/test/trash/trash_0007.jpg
test,trash,data/raw/dataset-resized/trash/trash23.jpg,data/processed/test/trash/trash_0008.jpg
test,trash,data/raw/dataset-resized/trash/trash111.jpg,data/processed/test/trash/trash_0009.jpg
test,trash,data/raw/dataset-resized/trash/trash96.jpg,data/processed/test/trash/trash_0010.jpg
test,trash,data/raw/dataset-resized/trash/trash137.jpg,data/processed/test/trash/trash_0011.jpg
test,trash,data/raw/dataset-resized/trash/trash18.jpg,data/processed/test/trash/trash_0012.jpg
test,trash,data/raw/dataset-resized/trash/trash102.jpg,data/processed/test/trash/trash_0013.jpg
test,trash,data/raw/dataset-resized/trash/trash85.jpg,data/processed/test/trash/trash_0014.jpg
test,trash,data/raw/dataset-resized/trash/trash97.jpg,data/processed/test/trash/trash_0015.jpg
test,trash,data/raw/dataset-resized/trash/trash89.jpg,data/processed/test/trash/trash_0016.jpg
test,trash,data/raw/dataset-resized/trash/trash93.jpg,data/processed/test/trash/trash_0017.jpg
test,trash,data/raw/dataset-resized/trash/trash92.jpg,data/processed/test/trash/trash_0018.jpg
test,trash,data/raw/dataset-resized/trash/trash53.jpg,data/processed/test/trash/trash_0019.jpg
test,trash,data/raw/dataset-resized/trash/trash44.jpg,data/processed/test/trash/trash_0020.jpg
test,trash,data/raw/dataset-resized/trash/trash66.jpg,data/processed/test/trash/trash_0021.jpg
test,trash,data/raw/dataset-resized/trash/trash136.jpg,data/processed/test/trash/trash_0022.jpg
